,XLE,AMLP,VDE,AMJ,EMLP,XOP,MLPI,IXC,OIH,MLPA,IYE,MLPX,FENY,AMZA,ERX,ATMP,IEO,TPYP,AMU,TAN,GUSH,GREK,XES,RYE,FXN,ICLN,IEZ,PZD,PBW,DIG,FCG,MLPC,QCLN,GEX,FAN,KOL,ENFR,PXI,ZMLP,PBD,FILL,MLPY,DRIP,PXE,YMLP,CRAK,IMLP,GASL,MLPO,FRAK,PSCE,GRID,NLR,ERY,YMLI,PXJ,YLCO,PUW,DUG,ENY,MLPG,MLPB,AMUB,GASX,CHIE,DDG
0,-0.03609221466364317,-0.15894868585732158,-0.039288158795345716,-0.1289692232535418,-0.006752954417557738,-0.0606060606060606,-0.14963707426018982,-0.02818035426731076,-0.0894344585708024,-0.1514285714285715,-0.03769179452968643,-0.08869179600886926,-0.03764420157862787,-0.22173913043478272,-0.16820987654320985,-0.0890459363957597,-0.07882502113271338,-0.010362694300518144,-0.12820512820512825,-0.21553563807084938,-0.32593383137673415,-0.12518853695324283,-0.1324414715719064,-0.046698113207547264,-0.07205764611689354,-0.13075965130759662,-0.08758888170652868,-0.09347577260587558,-0.17345319936541517,-0.09463113171108534,-0.06181455633100708,-0.15363385464581417,-0.11844938980617375,-0.11709800593975384,-0.048805815160955224,-0.05461393596986818,-0.052097428958051514,-0.09895658027600127,-0.11733333333333336,-0.1250000000000001,-0.01980874316939885,-0.131336405529954,-0.015849576688324468,-0.0892561983471075,-0.09635577516985785,-0.0521489971346705,-0.15408805031446532,-0.5703324808184143,-0.173688736027515,-0.03085443037974674,-0.12582781456953648,-0.09223465581553078,0.00818249442102649,0.012798320816693834,-0.1845238095238094,-0.1382441977800201,-0.06235565819861422,-0.0769230769230768,0.027445652173912993,-0.008237232289950547,-0.18848167539267022,-0.006825938566552958,-0.01835594573024744,-0.36482922750369845,-0.12195121951219513,0.02521273242987711
1,-0.028971417460626134,0.007453416149068384,-0.02267954640907168,-0.004416094210009807,0.029492080830147416,-0.15837860426243205,-0.002799552071668573,-0.007707910750507151,-0.007954043305346872,0.019607843137254857,-0.023208191126279854,-0.005574136008918498,-0.02298136645962717,-0.03603603603603586,-0.11276473955352047,0.0007062146892655217,-0.10046511627906977,0.044554455445544594,-0.0023364485981307915,-0.07477064220183481,-0.6554770318021201,-0.09586776859504134,-0.03174603174603168,-0.0698965430229623,-0.08892763731473405,-0.034793814432989636,-0.018768521567336195,0.036751194413818446,0.00473684210526315,-0.04987834549878347,-0.2537499999999999,0.010018214936247832,-0.007230657989877053,0.015866388308976995,-0.03771551724137947,0.08762886597938155,0.0159786950732357,-0.06525636428827537,-0.0975609756097561,-0.002087682672233776,-0.013148788927335729,-0.053398058252427126,0.2572389587598713,-0.20039682539682538,-0.1274373259052926,-0.036223277909738685,-0.004739336492891035,-1.3273809523809523,-0.062100456621004704,-0.08497854077253221,-0.13723849372384944,0.024156187954996706,0.006405518600640678,0.0268847153695156,-0.004784688995215422,0.0010080645161290108,-0.03588516746411492,-0.014450867052023121,0.01748765184888536,0.025682182985553793,-0.023442732752846595,0.016228315612758965,-0.02369281045751627,0.30822283527631933,-0.0036719706242349277,0.009984399375974938
2,0.0923049770561242,0.07364787111622541,0.09570831750854523,0.07699275362318837,0.06390593047034765,0.1918270854441067,0.07604759441282975,0.08330234287839353,0.09480000000000004,0.07989690721649487,0.08921355299968918,0.09026369168356986,0.083143507972665,0.09016393442622941,0.23377192982456146,0.07208387942332894,0.14478918058870327,0.05164319248826286,0.07225433526011561,-0.035137701804368565,0.42966545747682383,0.1430594900849858,0.13492537313432834,0.1313020604997807,0.1615497076023391,0.09976798143851502,0.09908039157520022,0.07385976855003398,0.0031479538300104265,0.16179469748470432,0.18740477399695282,0.06791171477079788,0.042243767313019355,0.06188797493145326,0.10683349374398471,0.13649851632047477,0.09134906231094987,0.11600633914421553,0.11408815903197927,0.06536585365853657,0.09119496855345918,0.09251101321585901,-1.2011910510220505,0.16602316602316602,0.11630769230769235,0.10568242166755171,0.07252747252747255,0.3568147013782542,,0.16005767844268198,0.19906166219839147,0.09844868735083544,0.06193667668130343,-0.38366672783997074,0.11534391534391533,0.10711071107110708,0.09621621621621627,0.14143920595533488,-0.22582228767795773,0.11126961483594856,0.1248534583821805,0.08640081799590991,0.0960118168389955,-1.8283413038006548,0.11771058315334772,-0.10746371803731844
3,0.08317152103559872,0.10596707818930053,0.0931113662456946,0.09840751327072275,0.045387994143484614,0.15084599942644103,0.10715935334872981,0.08381601362862012,0.11410347271438692,0.12018140589569166,0.08321459105158169,0.0987202925045704,0.0854166666666667,0.17147707979626484,0.2156862745098039,0.11995386389850059,0.10645103963035368,0.06783369803063467,0.1018818948734588,0.048780487804878134,0.3643351268255189,0.04076086956521749,0.11328745367919536,0.13121310226623503,0.10704960835509142,-0.015312131919905655,0.11359453063371024,-0.002046384720327378,0.014987080103359312,0.15386827725050334,0.15238915195867409,0.10213414634146341,0.006194081211286983,-0.018551765409934164,0.026241799437675666,0.13367609254498714,0.09175824175824165,0.14752769521750872,0.1359223300970874,0.009661835748792237,0.09142857142857141,0.18928571428571422,-0.7894585253456222,0.1090909090909092,0.10616061606160615,-0.020596205962059567,0.11764705882352942,0.3655574447413165,,0.14540973505853366,0.11401425178147268,0.04419731964642136,-0.021000471920717332,-0.33315391578792836,0.14168937329700276,0.11755361397934873,0.0354535974973931,0.09964253798033962,-0.20675355450236965,0.10700636942675158,0.11514522821576775,-0.03492063492063493,-0.022658610271903242,-0.7776286353467559,-0.008714596949891075,-0.09125188536953249
4,-0.009474028095393635,0.020161290322580575,-0.017285680915673788,0.023135221380135695,0.01867816091954026,-0.006349206349206316,0.01903035795197108,-0.028741675429372598,-0.06853464596743652,0.01999999999999997,-0.012698412698412839,0.026690391459074796,-0.010526315789473648,0.04383116883116891,-0.03821428571428572,0.02584269662921353,-0.023463077482721105,0.016146393972012767,0.024065864471184233,-0.08211143695014661,-0.041772320832777196,0.06598984771573599,-0.07574031890660603,-0.015274555297757137,-0.0500342700479781,-0.05465838509316764,-0.07642230399094263,0.022014676450967316,-0.05392156862745109,-0.026875369167158998,0.010225820195994821,0.026706231454006024,-0.012543554006968622,-0.025153374233128918,0.0211009174311927,-0.08356545961002794,0.0193965517241379,0.007774798927613919,0.025473071324599684,-0.012720156555772896,-0.027598355842630585,0.037800687285223476,-0.03364096457278938,-0.028297119757453377,0.01729729729729731,-0.049488054607508596,0.019023462270133098,0.014836085187843922,,0.0006157635467979072,-0.08226221079691512,0.005388542257515535,-0.0018912529550828702,0.013730032334346791,0.052495697074010285,-0.09383145091225023,-0.006295907660021039,-0.03659101435849926,0.015934706568208324,-0.03562005277044849,0.02626262626262624,0.0,0.020710059171597586,-0.06708044879446173,-0.01999999999999997,0.006741573033707855
5,0.026554301160756903,0.03969022265246855,0.027597955706984586,0.050378787878787815,0.05520361990950237,-0.018219218336761604,0.049116760017233974,0.046138415245737176,0.03893740902474528,0.043570669500531366,0.02941176470588247,0.06255212677231026,0.020618556701030855,0.050847457627118654,0.06134763660744212,0.06512605042016799,0.0009085953116482694,0.07100000000000009,0.045921450151057495,-0.050308008213552385,-0.1107322857989922,-0.16224188790560465,0.03410341034103416,0.023229461756374012,-0.006901311249137312,0.02542372881355921,0.032849712565015135,-0.03343674594967248,-0.0087912087912088,0.05074292122231573,0.0012765957446808994,0.01605839416058386,-0.027936962750716245,-0.023655013606866136,0.03283052351375326,0.12969696969696973,0.052093973442288034,-0.007563479200432037,0.03781512605042011,-0.01188118811881198,0.0312855517633673,0.03801652892561976,-0.04155038759689933,-0.023267838676318476,0.0359562272016676,-0.022093023255813898,0.053989202159568206,-0.03594447198810103,,0.0006153846153847116,0.033540372670807506,-0.03705882352941171,0.04729729729729733,-0.12099326462712007,0.045193097781429804,0.01031814273430791,0.028542303771661684,-0.00793650793650785,-0.07792207792207789,0.020671834625323016,0.02606984751598611,0.1614906832298137,0.0,-0.09316283924843424,-0.012373453318335143,-0.03248259860788863
6,-0.012721417069243143,0.008637236084452962,-0.01956924502084296,0.0030211480362538463,0.006294964028776845,-0.016124216183935478,0.005143591941705849,-0.020819112627986327,-0.03737259343148366,0.004232804232804143,-0.022336769759450203,0.010726072607260644,-0.020515518148342817,0.02111613876319754,-0.04740168539325835,0.013982392542723956,-0.011766868909726063,0.003984063745019836,0.0060060060060058785,0.02159718734304368,-0.0764321046752831,0.03693181818181815,-0.060058309037900943,-0.007036896158235157,-0.025477707006369386,0.0350467289719627,-0.02727784026996622,0.054432855280312845,0.027777777777777755,-0.04481546572934977,0.002123142250530816,0.01438848920863317,0.07549668874172177,0.04821677625024895,0.03592814371257485,0.13066385669125397,0.0060913705583756856,-0.018431911966987666,0.018556701030927925,0.033492822966507144,-0.026869158878504513,0.024193548387096833,-0.007497656982193127,-0.017894736842105255,0.04669647292598101,0.0017411491584446393,0.0077380952380951785,-0.009256942707030386,0.0,-0.004947433518861984,-0.032051282051282166,0.06976744186046505,0.004930524428507371,0.02156997670971834,0.020917135961383733,-0.08387698042870459,0.051257253384912896,0.06093818500657593,0.033407572383073465,-0.018421052631579022,-0.00943396226415083,0.016150152771715453,0.0,-0.04756697648988524,0.05526036131774703,0.02927927927927932
7,0.016471333544504262,-0.004821600771456192,0.018524832367314416,-0.013006885998469773,-0.015525114155251136,0.06894634417570189,-0.006471095772217368,0.00812457684495594,-0.020416024653312694,-0.0031847133757961104,0.011884550084889691,0.023368251410153175,0.01604554865424424,0.014858841010401268,0.036209813874788506,0.012276214833759692,0.04360822929488301,0.010349926071956672,-0.012773722627737061,-0.024704065877509028,0.1737640079103493,-0.02177068214804069,-0.008230452674896943,0.025755049101352616,0.015331010452961594,0.009259259259259267,-0.0053717839977383336,0.03125986738238086,-0.026315789473684237,0.01981050818260114,0.044624746450304176,-0.010909090909090934,-0.032125768967874155,0.007710557532621601,0.015164279696714383,-0.005296610169491601,0.02523503216229597,0.05902148589179397,0.006147540983606548,0.00665399239543729,0.008685581933989495,0.006410256410256416,-0.30440097799511,0.058006941001487435,0.034995206136145755,0.042245692051139414,0.0,0.11019590382902944,0.0,0.04545454545454543,0.0845070422535211,0.005171475231355602,-0.041306884480746694,-0.07222111864695363,0.008771929824561358,-0.0458089668615985,-0.009765624999999965,0.036739864864864906,-0.036733837111670865,0.042821158690176414,0.008370260955194395,0.0,0.019579405366207368,-0.2009192383453709,0.005285412262156523,-0.02777777777777773
8,0.035588819306552597,0.012380952380952456,0.03339558387344838,0.015813253012048122,0.05153746210480733,0.04563544706818782,0.021528070915998378,0.029247453171212637,0.056343147946201405,0.015673981191222607,0.03178082191780813,0.06901725431357839,0.025718608169440143,0.008836524300441769,0.08457249070631971,0.038366945400885276,0.049632352941176565,0.0571561338289963,0.015568862275448984,-0.02913135593220343,0.0970238095238096,-0.02377414561664179,0.08054054054054045,0.051993676444756734,0.04269513008672452,-0.012895662368112687,0.057553956834532474,0.025538461538461486,0.01671159029649608,0.05353260869565215,0.0337122696981577,0.012921751615218932,0.017461383478844846,0.015378625656998232,0.008354218880534788,0.10690633869441823,0.055607476635513915,0.051093097519037046,-0.005494505494505499,0.013133208255159528,0.03249299719887965,0.0031948881789136702,-0.24821973550356047,0.02888781896966769,0.02386523163313063,0.02809292274446262,0.012345679012345729,0.06882255389718077,,0.04347826086956519,0.06681270536692237,0.04867944070429818,0.006952491309385797,-0.15186480567450064,0.024883359253499247,0.06472196900638111,0.013487475915221633,0.004205214465937823,-0.0851936218678816,0.023370233702337068,0.02683277431720183,0.0,0.0,-0.18567536006228103,0.0031612223393044634,-0.048119692680954354
9,-0.029078906004401155,-0.03754940711462459,-0.03856246434683394,-0.044846577498032926,-0.02258635961027465,-0.0880484988452655,-0.0459161147902871,-0.015687583444592753,-0.04323094425483506,-0.04248366013071902,-0.03663731894348194,-0.05961844197138315,-0.037133891213388975,-0.03506097560975616,-0.09460834181078341,-0.04901960784313722,-0.0578044900123741,-0.05026842362127873,-0.04440275171982483,-0.06366197183098586,-0.29809921186833577,0.0131964809384164,-0.07808857808857808,-0.05211605987802625,-0.06842480399144696,-0.03393939393939386,-0.04627822693058277,-0.049402647723603525,-0.054576463899943195,-0.07382550335570452,-0.10051768766177747,-0.048156508653122695,-0.04198740377886644,-0.03610326744655101,-0.01785714285714293,0.10119047619047615,-0.051080550098231786,-0.07898224224754848,-0.04074338813438172,-0.05128205128205124,-0.021751574127075134,-0.0433333333333333,0.20211038961038963,-0.04634760705289663,-0.006594441827602476,0.0122732123799358,-0.047413793103448475,-0.35126050420168065,,-0.08650306748466258,-0.09341317365269475,-0.04831704668838203,-0.009356725146198798,0.07543292332799414,-0.04129554655870444,-0.06712062256809351,-0.03180914512922468,-0.03979011805859205,0.06336675912097288,-0.02522068095838601,-0.03316831683168325,0.028001697072549857,0.0,0.2322175732217573,0.011458333333333275,0.03398437500000004
10,0.07810462251847569,0.030651340996168612,0.08897204032844806,0.018532818532818414,-0.008485931219294226,0.1569724993915795,0.022020725388601104,0.053097345132743355,0.14160156249999994,0.02754237288135591,0.08402705515088442,0.04334600760456276,0.08735083532219562,0.02526002971768214,0.20232621044089805,0.03341645885286791,0.11484900641527142,0.030288689067676317,0.01901840490797549,-0.08962553713934936,0.36365424328842566,0.08209959623149388,0.16699029126213596,0.1056198347107438,0.11649874055415625,-0.10146862483311078,0.14207127481463774,0.027324120603015107,-0.0028506271379703943,0.15131253095591876,0.11391437308868503,0.02422907488986785,0.043507362784471246,-0.026501035196687395,-0.07397260273972608,-0.0008510638297872159,0.041882352941176496,0.14811469857755707,0.028472222222222232,-0.024242424242424263,0.051059206952743144,0.033816425120772944,-0.9355852317360566,0.12245800176834658,-0.01143401619818971,0.00898995240613441,0.0350564468211527,0.27703523693803156,,0.11653116531165304,0.17449332674246174,0.05635245901639333,-0.025917926565874688,-0.32573420409471526,0.026792750197005506,0.1447587354409318,-0.05340314136125652,0.09101748807631158,-0.21267787839586028,0.03174603174603172,0.04038004750593831,0.0,0.17127403846153855,-0.6009569377990432,-0.02454642475987198,-0.10012892135797172
11,0.016951566951566917,0.018796992481203107,0.018966044661976135,0.043927648578811415,0.03657487091222022,-0.01057550418101345,0.03860523038605229,0.03123086344151856,0.03305004721435319,0.028806584362140033,0.01587301587301599,0.01571856287425143,0.010859301227573203,0.03581661891117478,0.044208893485005195,0.034665382763601295,-0.0018811725975857883,0.024919243193354992,0.04230317273795528,-0.008044554455445482,-0.005139863595927607,0.0026845637583893236,0.05200184077312467,0.005915215248110408,0.016718266253869834,0.007947019867549617,0.032175925925925934,0.011487115802545824,0.007357102433503257,0.03489483747609944,-0.03195266272189344,0.054823039555864046,0.015161502966381043,0.025227043390514632,0.008152173913043466,-0.05855855855855859,0.03933092224231469,-0.037722586691658844,0.03420523138832997,0.012961116650049752,0.03612565445026184,0.04314329738058555,0.011645962732919282,-0.008470798038341564,0.03093259464450608,0.056387225548902145,0.049152542372881414,-0.10941361491799606,,-0.02785515320334262,0.03620771796093369,0.01389239706996727,0.04514207149404214,-0.05983014861995755,0.050149700598802395,0.024350649350649407,0.024514811031664807,0.007495069033530622,-0.03702709954386894,0.03419811320754728,0.050090252707581204,0.0,0.024046920821114377,0.08172231985940259,-0.03307607497243648,-0.01482773658962058
12,-0.03311258278145695,0.03184713375796175,-0.03591422837224032,0.04545454545454543,-0.0008613264427217732,-0.03355363497712235,0.045184304399524394,-0.026721156868909083,0.0003146633102580731,0.024096385542168693,-0.03470198675496695,0.006691449814126384,-0.034179687499999965,0.015514809590973122,-0.11117494972708984,0.023507287259050307,-0.025562700964630165,0.01901312811226791,0.04809843400447424,0.042086544161233,-0.11926098019692445,-0.02900552486187845,0.005036630036630011,-0.03573859768550037,-0.030631780472239863,0.04430379746835449,0.005066789497927196,0.035339922132374954,0.021594684385381896,-0.07530197892572621,-0.011976047904191645,0.050724637681159396,0.02631578947368422,0.04435872709739642,0.04083405734144228,0.06486941870261159,0.013380909901873359,-0.004471640385973116,0.04054054054054048,0.026213592233009838,-0.02798708288482256,0.010670731707316982,0.07736389684813753,-0.040352504638218975,0.05414847161572046,0.003976143141153173,0.02693787795492039,-0.05274361400189207,0.0,-0.033986175115207365,0.0004761904761905506,0.007271815446338995,-0.0020665901262916972,0.08805762081784389,0.014022140221402307,0.0024291497975707987,0.024900398406374504,0.01323472168158816,0.06191794613642069,-0.019230769230769246,0.03189165574486677,0.01545530492898918,0.03726708074534162,0.013437364542696086,0.07354443309499478,0.03857442348008393
13,-0.02134375469712914,0.00542986425339371,-0.02723524305555561,0.0035112359550562296,0.0055674518201285885,-0.05866523143164712,0.009422850412249644,-0.023487773487773502,-0.03890160183066366,0.004995004995004888,-0.024701411509229002,-0.009002250562640602,-0.027081243731193538,0.01936376210235139,-0.0714065866420437,0.005610098176718139,-0.041178439906260474,-0.0009062075215224093,0.002788622420524301,0.07814207650273222,-0.2026343799893561,0.017639077340569864,-0.04899135446685877,-0.035600986958054213,-0.02485284499672994,0.04242424242424238,-0.03950203495331574,0.021681804863756284,0.050473186119873864,-0.0544715447154471,-0.06459838504037398,0.019379844961240355,0.04999999999999991,0.0204043075760438,0.0017346053772766326,0.005862646566164178,0.007525453740593101,-0.07515182186234814,-0.013698630136986242,0.035580524344569195,-0.023127753303964656,0.004552352048558459,0.13880320789636028,-0.041545893719806735,-0.032461677186654596,0.040991420400381284,0.01462621885157094,-0.21564117308798159,0.0,-0.061773700305810274,-0.097752221641401,-0.004787100025195386,0.030714444691742768,0.05344182977787547,0.027279253409906605,-0.028309741881765185,0.02807357212003881,-0.007450980392156913,0.04265060240963863,-0.033540372670807395,0.031725888324873094,0.07816711590296486,0.04476806903991361,0.15152629643251198,0.0030549898167007267,0.013647642679900674
14,-0.0151052792187976,-0.011904761904761977,-0.010969723562966214,-0.014245014245014322,0.006805614632071464,-0.008960086885690968,-0.013933121019108196,0.0025673940949936407,-0.04224872231686536,-0.009072580645161275,-0.01069958847736627,0.005223880597014946,-0.015792154865002662,-0.0013850415512466309,-0.05692908262849719,-0.003283302063789882,-0.0005024284039524558,0.009869896814715068,-0.016439909297052104,-0.08540925266903922,-0.054877192982456094,0.03153745072273327,-0.06441717791411052,-0.003359858532272411,-0.038722826086956416,-0.006097560975609843,-0.041645885286783084,0.025692263773908038,0.012973533990659055,-0.02499999999999996,0.009680134680134697,-0.015081967213114783,0.0060606060606061465,0.023251522421110872,0.034338358458961486,0.046325878594249206,0.0026490066225165,-0.03185378590078345,-0.011213720316622686,0.010194624652455925,0.010354223433242576,-0.0217054263565891,-0.01693851944792982,-0.0033931168201648226,-0.016964695093993627,0.036730945821854946,-0.0092946965554949,0.005433228481555554,,-0.011131725417439684,-0.05457552370452031,0.031005859375000076,0.016418563922942206,0.029006655514823766,-0.005776173285198561,-0.06471631205673763,0.014312977099236674,0.013921113689095106,0.013783269961977146,0.0037128712871286338,-0.012853470437018025,-0.07225433526011561,-0.02374378796245167,-0.0654388714733543,0.035363457760314285,0.00452861259777684
15,-0.03034114132997967,-0.009242144177449136,-0.03614457831325293,-0.01445086705202307,-0.0008514261387825938,-0.07126236183827794,-0.020723283218204047,-0.02197441784191544,-0.10546139359698684,-0.006085192697768814,-0.03374929098128204,-0.019011406844106463,-0.03697834125726356,-0.011204481792717097,-0.10456342076895438,-0.012826603325415657,-0.04772767152131951,-0.011802088061733908,-0.01146788990825684,0.012302284710017625,-0.23956158663883095,0.07081807081807072,-0.1319444444444443,-0.05091990336368695,-0.052932761087267535,-0.009852216748768483,-0.10407488986784144,0.04446262956901243,0.03842315369261475,-0.07206670637284103,-0.06213679034421102,0.0,0.0030211480362538194,0.03593666607365243,0.03554119547657522,-0.01294498381877024,-0.02027027027027024,-0.07523862998315553,-0.020875420875420908,0.016408386508660118,-0.021714922048997803,-0.007812499999999972,0.16237519705727807,-0.04297269969666319,-0.01018990273274659,0.012244897959183654,-0.030422535211267556,-0.20836212854181055,,-0.0666226912928761,-0.14375788146279958,0.029613835583984838,-0.004176742141129869,0.08158729121040754,-0.0146520146520146,-0.09090909090909086,0.02782931354359916,-0.013720109760878002,0.0623885918003566,-0.039897039897039965,-0.012142237640936736,0.02141414141414146,-0.039013195639701646,0.14791318864774625,-0.01799999999999997,0.03649345497818333
16,-0.03666883963494133,-0.031458531935176365,-0.04229356711290141,-0.048087845513063214,-0.013810962451445693,-0.07303370786516865,-0.04634353741496598,-0.015318015318015228,-0.0744637798462161,-0.033542976939203384,-0.039811265113535874,-0.05031948881789144,-0.040109890109890134,-0.04692082111436941,-0.12172511084240224,-0.05408112168252388,-0.05949061163785096,-0.026082906380996848,-0.045563549160671554,0.05481727574750822,-1.5299295774647887,0.07142857142857152,-0.1048593350383632,-0.05925196850393711,-0.07373271889400929,0.025210084033613547,-0.08256333830104332,0.034500921780352974,-0.004511278195488715,-0.08427510494026476,-0.08381782945736437,-0.04380561259411366,0.036670547147846275,0.01987794245858763,0.03129890453834105,-0.07478260869565212,-0.0373831775700935,-0.0629662787227693,-0.05244507441530831,0.027482269503545986,-0.016987542468856212,-0.038961038961038995,0.1583370190181335,-0.05324813631522896,-0.06093366093366085,-0.026536312849162025,-0.04044548651817124,-0.30008984725965854,,-0.06685432793807172,-0.12562100780695526,-0.002136752136752218,0.036840990895617085,0.09305703782758208,-0.06225680933852146,-0.10117145899893495,0.012820512820512872,-0.03404945277665179,0.06810631229235868,-0.02506596306068595,-0.025800711743772166,-0.051401869158878545,0.01525423728813557,0.18481219379422978,-0.0010010010010009797,0.039253048780487715
17,-0.0011421112742698693,-0.002868068833651946,-0.005000595308965373,-0.0072463768115942516,-0.003899480069324238,-0.01811248808388943,-0.00944206008583686,-0.013841998649561111,-0.046590427784837,-0.005268703898840773,-0.004145691442108186,0.011838989739542253,-0.012235817575083362,0.0029239766081870723,-0.01889117043121139,0.007455268389662133,-0.003357582540570784,0.013327205882353064,-0.008464328899637278,0.06907216494845361,-0.09441233140655092,0.08695652173913042,-0.03713527851458889,-0.0027635215159889574,0.00610687022900764,-0.008474576271186475,-0.04127870887647419,0.008874967371443577,0.05270655270655268,-0.013084723585214215,-0.023301933564699992,-0.007586206896551685,0.03861219921656414,0.02366360231528772,-0.02568218298555365,0.040066777963272154,0.015186378278877213,-0.020401948842874378,0.003531073446327734,0.02422145328719733,-0.01145475372279492,-0.05479452054794526,-0.004888888888888864,-0.004278074866310259,-0.000983767830792087,0.04490884837705639,-0.006489675516224156,-0.09980237154150214,,-0.0327034883720931,-0.0609939759036145,0.02000930665425778,-0.022294372294372165,-0.00812910938433942,-0.0039062499999999167,-0.03414096916299565,0.02846975088967974,0.015169660678642675,0.0016583747927032628,0.02570694087403601,-0.01673450927182275,-0.018166089965397845,-0.055456171735241484,0.015277405521307966,-0.0020060180541624445,0.0030395136778116204
18,0.025596184419713824,0.0028598665395614263,0.02507254788160198,0.011312217194570163,0.03430962343096236,0.01840299438552724,0.008932369204593825,0.034235409194652774,0.0016913319238900275,0.008359456635318712,0.022575976845151783,0.0320855614973262,0.0233568712656165,0.012987012987012967,0.06847742922723792,0.022351797862001813,0.028804347826087016,0.03331852509995557,0.010765550239234433,0.08100426338228332,0.03799814643188122,0.007194244604316576,-0.0093708165997323,0.02614379084967333,0.02384500745156485,0.05166475315729059,0.0034024126198577,0.021455938697317913,0.044030866999546184,0.04438887152235068,0.026544401544401408,0.015614392396469818,0.04540598290598279,0.010611419909044895,0.021209740769835003,0.0875856816450876,0.02904378909740834,0.01351757284469798,0.029472241261137747,0.02857142857142856,0.03960396039603954,0.0670926517571885,-0.09702584105314473,0.015271195365982052,0.044642857142857276,0.05820770519262984,0.014534883720930232,0.05597014925373147,-0.030576789437109068,0.034385964912280714,0.004497751124437818,0.045737122557726516,0.01973265436028007,-0.09107509700981513,0.011583011583011473,-0.004424778761062049,0.04095563139931744,0.016875981161695437,-0.052815364469663936,0.0406905055487052,0.009408602150537673,0.014912654452492454,-0.01390568319226121,-0.11107802263251948,0.03578336557059954,-0.035405192761604976
19,-0.05803195962994105,-0.05110220440881761,-0.05900430239704993,-0.04822134387351774,-0.01745423584504045,-0.07800941492938816,-0.05996393146979269,-0.030231776956667858,-0.1182033096926714,-0.045901639344262286,-0.05592909535452318,-0.04302788844621507,-0.05865439907993097,-0.04841149773071095,-0.19088838268792718,-0.05701078582434512,-0.078125,-0.03446691176470588,-0.048275862068965496,0.0028341993386869282,-0.2776791000592065,0.009164969450101819,-0.13525835866261393,-0.08828451882845201,-0.06932270916334654,0.011350737797956827,-0.10795065113091154,0.009111617312072879,-0.03185011709601872,-0.12088297126839521,-0.08652333508127942,-0.06507592190889373,-0.010799136069114432,-0.03396029258098216,0.0031323414252152817,0.048550724637681154,-0.03659101435849926,-0.07734627831715213,-0.054190751445086706,-0.003372681281618965,-0.02595936794582398,-0.039867109634551534,0.18189070602313517,-0.05266075388026604,-0.031007751937984523,0.030056864337936716,-0.04305639781685876,-0.2907886815171585,-0.09596344249809594,-0.1080870917573873,-0.10521955260977627,0.019377313302852178,0.036984062116877714,0.15350005520591797,-0.03766025641025632,-0.11330049261083744,0.0008525149190110645,-0.03367139959432056,0.10420332355816224,-0.049159120310478525,-0.013163867453472498,-0.11284969179706017,-0.06503541532517707,0.19761051373954608,0.006724303554274763,0.06268436578171088
20,0.09236641221374041,0.0019999999999999575,0.09470287113287341,0.002365930599369035,-0.00772200772200771,0.11724547343425347,0.005826983415508696,0.08202281837804502,0.1482078131292791,-0.004390779363337094,0.09161576901721277,0.018764659890539364,0.08232189973614769,0.006015037593984967,0.24699828473413377,0.005109862033725162,0.11311276632600024,0.01716350496838297,0.0,-0.002367424242424276,0.30321782178217815,-0.0862831858407081,0.196090409285278,0.10854158895934354,0.11432604093154547,-0.006857142857142914,0.1588353992505044,0.038218111002921135,0.06727828746177367,0.17323290845886452,0.11095571095571091,0.034891835310537335,0.024236037934668116,0.028261973261127123,0.0,-0.047040971168437105,0.030098831985624512,0.12215909090909102,0.014946619217081911,0.03811841038118415,0.07900207900207899,0.022727272727272818,-0.4967164179104478,0.11525257479156456,0.018078020932445243,0.04573643410852712,0.011390887290167942,0.28219533275713055,,0.11978097193702944,0.18556005398110662,0.05122908489981403,-0.04105509466071048,-0.34621530229274255,0.011876484560570099,0.15592515592515593,-0.0017079419299743444,0.054468738013041876,-0.21583075826004275,0.06979542719614923,0.0054176072234761825,0.053835800807536985,0.010197578075207148,-0.4566655064392621,0.02891791044776124,-0.09266720386784853
21,-0.008312807881773496,-0.047120418848167464,-0.010798650168728838,-0.04319210201563146,-0.010403120936280817,0.0053144375553587165,-0.05285512033978279,0.00307408545957582,-0.0753572975313988,-0.05684454756380514,-0.008963585434173678,-0.052674897119341466,-0.00958977091102822,-0.05221518987341773,-0.02894458171549595,-0.039851222104144525,0.009267204393341449,-0.03024662633783165,-0.04180274330502931,0.09705002137665666,0.005334427574887261,-0.020316027088036086,-0.07273918741808658,-0.014953624834374393,-0.011420413990007148,0.03528114663726574,-0.07266542980828677,0.0408592108335279,0.04465776293823039,-0.020094562647754128,-0.007042253521126694,-0.04446064139941686,0.057128663686040665,0.043231865284974004,0.006225680933852146,0.023703703703703723,-0.036312849162011225,0.0011350737797956624,-0.03005865102639297,0.028368794326241092,0.024340770791075075,-0.03703703703703699,-0.03203943314849042,0.004880429477793942,-0.002862595419847267,0.04621072088724584,-0.048397234443746044,-0.025254762959681005,,-0.007586206896551685,-0.03927068723702668,0.03141256502601041,0.046450304259634874,0.02506973879650748,-0.044665012406947965,-0.06415929203539825,0.0,0.005341472720335771,0.014061401453011517,-0.04265997490589721,-0.04088345864661642,-0.006775067750677442,-0.025490196078431292,0.0034686090877557364,0.011981566820276407,-0.008123476848090954
22,0.01724659606656582,-0.01380042462845019,0.020169734376722124,-0.01207327227310571,0.003025064822817644,0.0405099150141643,-0.012906309751434013,0.01334546557476487,0.01409052092228872,-0.011737089201877894,0.0205761316872428,-0.009975062344139734,0.020865936358894215,-0.022653721682847988,0.04355165428764357,-0.018949648077964343,0.031094113734619178,0.0018578727357177287,-0.011228533685601052,0.02419691280767619,0.09539717891610988,-0.01605504587155949,0.024296675191815907,0.019305736031186176,0.03379310344827588,-0.044930875576036935,0.011009174311926587,-0.022439723084268268,0.012772970745776626,0.036720751494449165,0.014801110083256257,-0.037821482602118,-0.0019910403185664084,-0.05500512470105909,-0.04217356042173557,0.024566473988439298,-0.018492176386913257,0.04602057390362739,-0.02019446522064333,-0.009546539379474878,0.01449275362318854,-0.01712328767123297,-0.17864923747276695,0.057063966866083844,-0.026444662095984284,0.041459957476966625,-0.012730744748567745,0.020399305555555507,,0.019607843137254846,0.027285129604365646,-0.013793103448275857,0.0118260172379235,-0.06177635881063178,-0.024576271186440603,-0.02610669693530064,-0.006013745704467378,0.015401953418482349,-0.04455324357405141,-0.008860759493670808,-0.002355157795572337,-0.04730368968779565,-0.017964071856287515,-0.07654966392830459,0.004587155963302818,0.009255533199195188
23,0.05001437194596154,0.03877551020408171,0.05113992888517047,0.044550517104216425,0.00644053241734644,0.041021461559359006,0.0412465627864344,0.043516100957354226,0.08228840125391841,0.043771043771043835,0.049791449426485834,0.05721003134796242,0.04389027431421441,0.04923076923076927,0.1336648142731792,0.043005181347150354,0.0578098073006423,0.0284296028880866,0.04419191919191915,0.03927855711422847,0.10942148760330574,0.13147410358565723,0.07837360047142006,0.05441460417763738,0.05104712041884813,0.044052863436123385,0.07470288624787777,0.003804994054696709,0.018600889607763883,0.09341935483870961,0.03739982190560997,0.04755043227665707,-0.0014955134596211933,0.03701266655699951,0.03971962616822428,0.08039867109634556,0.04266908760780759,0.05475946775844424,0.0367435158501442,0.02708978328173372,0.04486873508353211,0.04730831973898859,-0.174914675767918,0.04104148278905559,0.023433763749402124,0.05870580386924622,0.04672330097087376,0.09255612445844826,,0.04826254826254826,0.04681404421326402,0.02104845115170775,-0.05609652836579167,-0.1701926539431042,0.03199343724364223,0.06969376979936644,0.019376579612468296,0.0056032872618602386,-0.10824742268041243,0.025893958076448717,0.024356617647058872,-0.010033444816053552,0.04993678887484203,-0.15182795698924736,0.005474452554744571,-0.08467917939764301
24,0.03454974330511996,0.053140096618357384,0.030518097941802606,0.0640357408786299,-0.0004295532646047255,-0.00738916256157644,0.05336225596529286,0.03364171572750218,0.05130111524163565,0.0561440677966101,0.03033367037411534,0.017705927636643606,0.02952565343659242,0.05933429811866862,0.09238120520307948,0.04313336638572141,0.024453614549900787,0.000901713255184832,0.05319784817692771,-0.0028135048231511368,-0.04671280276816614,0.0881017257039056,0.021902017291066427,0.021974248927038646,-0.02070808283233124,0.02575107296137341,0.043313481321061026,0.053567409408057674,-0.021056977704376614,0.055569095783573025,-0.0008912655971479311,0.05578231292516997,0.021940516821063034,0.03262253341820503,0.03892215568862272,0.1157461809635722,0.004968383017163479,0.015617128463476184,0.07219251336898395,0.0307576894223556,0.03678160919540233,0.07401812688821756,0.0034013605442176145,-0.0013256738842245311,0.05470162748643765,0.020901371652514714,0.06469920544835417,-0.01397763578274766,0.0,0.01707779886148016,0.04174454828660436,0.029298380878951487,-0.00789417537870716,-0.12657200811359032,0.05723124516627999,0.02371134020618543,-0.01626712328767119,-0.0037495313085863465,-0.07213496218731812,-0.01884422110552757,0.054735013032145875,0.1333333333333333,0.0,-0.03058510638297878,0.06484641638225254,-0.02827648114901252
25,-0.12153750389044488,-0.10695187165775401,-0.12028623353021341,-0.11823480432972522,-0.08379888268156428,-0.11640696608615957,-0.10923965351299324,-0.10092592592592603,-0.1559948431456811,-0.1158392434988178,-0.11941143180531971,-0.11311053984575838,-0.12099837221920784,-0.11451612903225805,-0.45107858243451465,-0.09441128594682593,-0.1059837728194728,-0.08672219500244976,-0.10721376571806758,-0.032365145228215667,-0.4442778610694651,-0.09880239520958087,-0.19408121128699257,-0.12909478581120365,-0.11633109619686804,-0.02192982456140363,-0.1630982367758185,-0.03978469459396216,-0.01721965560688787,-0.2624615384615385,-0.1304785894206549,-0.09050445103857559,-0.045361875637105024,-0.03033284144941796,-0.049489395129615005,-0.0512662137121679,-0.11480362537764356,-0.09698811826471415,-0.11808669656203288,-0.03978159126365053,-0.08316733067729093,-0.10149750415973384,0.23086984957488552,-0.15577119509703785,-0.07170542635658916,-0.06467315716272598,-0.07242848447961055,-0.49940119760479046,0.0,-0.12847965738758035,-0.15218951902368996,-0.03780756151230247,-0.021355415123120437,0.2631618278967231,-0.12925764192139744,-0.129220023282887,-0.06764168190127973,-0.05082742316784881,0.18627218934911235,-0.09641873278236918,-0.08482563619227149,-0.09523809523809514,0.009392611145898582,0.26990291262135924,-0.047363717605004574,0.09098327213382294
26,0.01698026617714547,-0.07843137254901958,0.02003561887800531,-0.0761648745519713,-0.02334444973797056,0.06325128792215229,-0.0739018087855297,0.016691957511381007,0.005130397605814493,-0.08184143222506401,0.01915070774354698,-0.044762757385854966,0.014438502673796769,-0.09929078014184406,0.03566121842496288,-0.06655092592592583,0.05540475810314555,-0.0210105052526264,-0.07774607703281027,0.011890118901188977,0.15782828282828282,-0.0580781414994719,-0.005536332179930801,0.034256832646948676,0.05629838142153418,0.017241379310344845,0.007499999999999951,0.0,0.0317202114680765,0.030718759320011963,0.02072027627035018,-0.10673234811165852,-0.01658031088082903,-0.016330611564739278,0.020769230769230738,-0.09762711864406788,-0.03761755485893411,0.035447761194029995,-0.07383627608346709,-0.012638230647709331,0.008884501480750408,-0.10275229357798157,-0.2605111294311623,0.06850618458610853,-0.07220779220779223,0.015405682985278989,-0.11163734776725308,0.038572251007484265,0.0,0.04758667573079545,-0.007959479015918917,-0.016883645240032656,0.019444444444444372,-4.337654567211807,-0.07209737827715353,-0.010588235294117631,0.019713261648745577,-0.009546539379474878,-0.049689440993788817,-0.0013793103448275568,-0.11860832894043227,-0.15505500261917238,-0.049277266754270695,-0.10436025732666183,0.021853146853146856,-0.007398273736128371
27,0.08675607711651291,0.0727272727272727,0.0882890196874366,0.07539353769676886,0.035386029411764844,0.10547875064004107,0.07149712092130511,0.08268374164810686,0.12034599473486271,0.0645933014354066,0.08715480111477066,0.05976430976430983,0.08824963432471976,0.07993474714518764,0.22554660529344064,0.09004739336492877,0.10387752182000283,0.04718779790276463,0.07641633728590251,0.0024539877300612974,0.2653061224489796,0.09117082533589245,0.14698937426210165,0.09854876814039819,0.09432759719566594,0.03333333333333337,0.12782774597983096,-0.012799241526428045,-0.014857614527445292,0.16216891554222893,0.07400639561443587,0.06163328197226508,-0.01846965699208451,0.00809917355371904,0.04341427520235466,-0.02359472588480221,0.048234709099950215,0.10624106717484502,0.05820105820105817,-0.0007905138339920779,0.08984725965858041,0.07939189189189184,-0.463208685162847,0.12197159565580624,0.06508013598834385,0.07387444514901707,0.08482972136222906,0.18717828731867103,-0.025404157043879914,0.10085574572127132,0.14533085961657397,-0.01696317749275948,0.051287249138455324,-0.33885180240320417,0.05653710247349828,0.11642411642411635,0.007999999999999988,-0.033292231812577164,-0.2097986173730086,0.07170294494238151,0.07237163814180932,0.04930278884462144,0.0,-0.3105386416861826,0.059210526315789526,-0.10641200545702592
28,0.029028757460661973,0.04396728016359915,0.03467868338557986,0.061795569374271275,0.012256014525646826,0.0680028632784537,0.037413394919168536,0.011557512383049027,0.0003759398496241189,0.046750285062713816,0.03307202351788342,0.05338645418326692,0.034823529411764635,0.049612403100775235,0.06959314775160604,0.014018691588785208,0.04102634467617995,0.05196565747853586,0.04468219005663945,0.03359683794466409,0.17034376603386336,-0.17342342342342332,0.013395457192778125,0.02660972404730625,0.05935251798561152,-0.014799154334037926,0.005151843817787549,0.028998849252013924,0.061580170410534464,0.05923836389280668,0.028837622005323808,0.037091988130563795,0.04917210235825391,0.00016526194017514478,-0.03267477203647414,0.07568954457985887,0.04238095238095241,0.037376748452189926,0.031478770131771576,0.0055031446540880725,0.015044247787610612,0.0,-0.2832817337461299,0.08240705251054038,0.015303682448589205,0.015912636505460157,0.02416918429003034,0.06558810668998688,0.02914798206278031,0.022700119474312965,0.06315179606025491,0.042772277227722706,-0.019004337946705262,-0.10733293908929635,0.07742461287693556,0.02036659877800418,0.01142355008787353,0.05330739299610899,-0.07809462086843823,0.0012787723785167102,0.05016256386437537,0.0,0.05524518932340154,-0.12250262881177718,0.05295950155763238,-0.03190990145471608
29,0.005664958187213403,-0.02515723270440254,0.007293591364387825,-0.021437078205637124,0.021323856063971587,0.020336605890603193,-0.012155212716222441,0.010618023414102735,-0.033411033411033526,-0.017401392111368954,0.007054244709316447,0.01953125,0.0,-0.023809523809523867,0.0069112174375331745,0.008238928939237906,0.007084468664850275,0.020796460176991258,-0.0166346769033909,-0.10287707061900607,0.036817395601680306,0.0033670033670032953,-0.018386714116251618,0.009920312245893632,0.00477326968973758,-0.0974477958236661,-0.021040974529346765,-0.03206650831353922,-0.044498381877022715,0.01069767441860467,0.02677029360967189,-0.0014858841010400871,-0.03103983445421632,-0.04148020654044744,-0.05872888173773133,-0.05195681511470982,0.02370990237099031,-0.01702425373134321,-0.002936857562408291,-0.09090909090909095,0.00790166812993853,-0.011965811965812015,-0.10806174957118352,0.03155159613956946,-0.02249388753056239,-0.03654592496765832,0.004810583283222989,0.060394412489728794,0.0,0.035714285714285775,-0.01828908554572285,-0.040807914262159864,0.013651181744091315,-0.03172666259914579,-0.0242070116861435,-0.007179487179487209,-0.010657193605683925,0.003875968992248117,-0.01982815598149365,0.00887198986058294,-0.01127289807421334,0.0,-0.0068749999999999645,-0.11554252199413483,-0.06733167082294268,-0.011390602752728924
30,0.015274272811794469,0.07647628267182971,0.010679238021935726,0.05015082956259421,0.029322984044846904,-0.0009358914365933352,0.06471359860078707,0.013959731543624246,-0.01099764336213659,0.0599781897491822,0.01106567235987493,0.03831705484598045,0.011627906976744186,0.06804733727810651,0.031909418425115854,0.04897159647404505,0.028586553732133358,0.03336184773310512,0.061261261261261135,-0.015943312666076306,-0.019138755980861195,0.01980198019801977,0.005309734513274328,0.0163173892177251,0.011209439528023465,0.04222222222222231,0.0057803468208092726,0.03262867647058827,0.01080432172869146,0.01781635449977161,-0.004772234273318847,0.046742209631727934,0.023244062657908078,0.0347233759760757,0.03941267387944357,0.03326810176125243,0.03369272237196765,-0.0018691588785047992,0.05350938151494102,0.020990764063811923,0.02021505376344081,0.05492730210016167,-0.012152777777777828,0.003329633740288563,0.04617537313432845,0.08222024339566626,0.055113636363636496,-0.02961082910321486,0.01689933872152819,-0.002888503755054923,0.015679442508710777,0.024135156878519626,0.017220664797757298,-0.047619047619047686,0.06479313036690086,0.011156186612576008,0.012280701754386015,0.01639344262295081,-0.02541511352084039,0.023514851485148563,0.08034557235421165,0.10715873721654069,0.0,0.0,0.03373493975903614,-0.01640135069946936
31,-0.035910842047330756,0.010536398467432897,-0.030435213641320444,0.01265822784810126,0.0038659793814432926,-0.015925837889232273,0.01971710244320606,-0.0361613351877607,-0.05163155720776538,0.022388059701492626,-0.03228209585299223,-0.002259036144578399,-0.030186871106851892,0.018867924528301872,-0.12442129629629621,0.011138014527844886,-0.02635153490899209,-0.009499136442141575,0.014792899408284025,-0.04151291512915123,-0.06604026845637587,-0.06815511163337251,-0.050185873605947874,-0.03049785690735248,-0.00593471810089008,-0.04529616724738683,-0.04157110091743107,0.018493459630130812,0.023828125000000117,-0.07120137019818948,-0.032706093189964175,0.0180806675938805,0.026561731431382154,0.0023205701972484763,-0.03189792663476877,-0.04285714285714291,-0.015047879616963149,0.01063337956541842,0.010996563573883171,-0.009322033898305037,-0.03149955634427688,-0.009787928221859787,0.02040816326530614,-0.003713330857779481,-0.026328386787936846,0.007658321060383066,0.021134593993325863,-0.11562057574327508,0.0,-0.05100182149362477,-0.05450091855480715,0.0006030150753769072,0.008142999006951413,0.09304347826086959,0.003888024883359171,-0.036803364879074624,0.02896081771720612,0.002282236591859974,0.05598208573256558,-0.029299363057324897,0.015312632922160908,0.0,0.10813823857302124,0.07738095238095237,-0.029776674937965215,0.030402245088868036
32,0.02377434519811949,-0.01655306718597857,0.025693035835023633,-0.014733660748016644,-0.014379084967320342,0.02344475394614666,-0.021901007446342532,0.029951430113329718,0.0190437601296596,-0.024017467248908367,0.02635396518375233,-0.022324865280985307,0.018805829807240177,-0.028358208955223806,0.06316074817023579,-0.02025691699604744,0.02061992816283088,-0.014010507880910695,-0.016847172081828975,-0.05242718446601933,0.0564842958459979,-0.05191594561186649,0.03004807692307692,0.01317715959004396,0.0310523289246693,-0.014134275618374466,0.01524562394127609,-0.01884191176470589,-0.03769760843129306,0.04754136564903284,-0.002695417789757355,-0.019858156028368875,-0.03883495145631058,-0.04089026915113867,-0.02117263843648207,-0.012396694214876014,-0.016218721037998214,0.014803006148940985,-0.006224066390041484,0.005897219882055477,0.04003407155025559,0.03159557661927333,-0.0929368029739777,0.014635931211123257,0.005711565920990052,0.022458969190901068,-0.012387387387387322,-0.020221473278767537,0.0,0.03345070422535213,-0.009894867037723968,-0.048914189331646644,0.00885826771653535,-0.07778819119025311,-0.01499605367008678,0.056547619047619076,-0.0017064846416381888,-0.009600614439324117,-0.05358948432760363,0.005069708491761729,-0.017308524448290875,0.006625441696113168,-0.06532066508313547,-0.007633587786259573,0.024213075060532743,-0.023946360153256706
33,-0.12768857921841878,-0.0867724867724868,-0.13781734256511713,-0.09879618098796177,-0.0375226039783001,-0.20033435497353017,-0.07994323557237454,-0.10363311494937476,-0.22542204568023827,-0.08146399055489958,-0.13284031772117233,-0.1374781085814361,-0.13804173354735141,-0.1433447098976109,-0.4726546906187625,-0.07946666666666659,-0.17618526052261002,-0.06878802058961155,-0.08627450980392158,-0.12200435729847506,-0.8060384263494967,-0.07436918990703846,-0.22985957132298607,-0.1653080568720379,-0.16321070234113721,-0.05992509363295886,-0.2188575361321405,-0.1176168464304059,-0.06842789086184503,-0.29480989740494856,-0.14979338842975218,-0.07880642693190508,-0.05328310010764274,-0.07095343680709541,-0.10730387736699726,-0.03862660944206003,-0.07792207792207786,-0.18579530110721024,-0.0750929368029741,-0.09602954755309318,-0.10546139359698692,-0.07288135593220334,0.37875288683602776,-0.19033101045296155,-0.06921119592875334,-0.12213247172859443,-0.08029197080291972,-0.5782674772036474,0.09084836339345365,-0.21022727272727265,-0.23340961098398189,-0.127138783269962,-0.017424394151812485,0.2811587693689648,-0.06025104602510466,-0.1817116060961314,-0.047363717605004574,-0.09090909090909083,0.20774365821094795,-0.1303724928366761,-0.06694367497691595,0.008756567425569146,0.0,0.3128512551517423,-0.06810344827586215,0.11450381679389311
34,-0.015848592091090956,-0.0096153846153846,-0.02918221920597216,0.0012437810945274102,0.03237095363079608,-0.09923430321592656,-0.013422818791946364,-0.029114311982837746,-0.13721061547148503,-0.01315789473684225,-0.02498596294216734,0.043551088777219395,-0.02805280528052814,-0.03169014084507053,-0.07695614789337915,0.002659574468085144,-0.06926551781830338,0.010648148148148167,-0.0072416063199474134,0.12153110047846886,-0.389701207883026,-0.027285129604365646,-0.14563928873835721,-0.048916285543845715,-0.07399425287356318,0.09797297297297308,-0.12723041117145065,0.0423020167240531,0.04861969509682735,-0.06048000000000002,-0.08277404921700227,-0.009266409266409344,0.04374678332475561,0.07376347766558279,0.07583333333333335,-0.07290867229470462,-0.00805639476334341,-0.10570319498357715,-0.02907421576128531,0.05497382198952886,-0.03863080684596573,-0.04795737122557735,0.20257826887661137,-0.09541984732824427,-0.03530031612223383,-0.054873892297205164,-0.030721003134796365,-0.32527693856998996,-0.14362108479755545,-0.07892720306513405,-0.1439790575916229,0.008248880509073802,0.0047837352999801075,0.023036419482228985,-0.018755328218243723,-0.13280212483399723,0.027801911381407498,0.02252252252252255,0.03529108706852131,-0.07716049382716049,-0.021216407355021182,0.0,-0.10065359477124176,0.17240310077519375,0.025210084033613505,0.02682624845233191
35,-0.14217926186291735,-0.09345794392523352,-0.1549314173742652,-0.10086718393427663,-0.07525870178739406,-0.23347185493010955,-0.09271870089051858,-0.11175468483816017,-0.26229508196721324,-0.1131824234354194,-0.15163271904300024,-0.10658016682113072,-0.16389244558258648,-0.19327731092436976,-0.5434638354346384,-0.07736389684813762,-0.16216216216216223,-0.09700355510411376,-0.10553129548762731,-0.12668463611859826,-1.0218508997429305,-0.0623188405797101,-0.3122222222222223,-0.17198788161267778,-0.21043478260869564,-0.07506053268765145,-0.26807673389080194,-0.10489130434782608,-0.13464235624123416,-0.3469827586206897,-0.22131147540983595,-0.09652836579170185,-0.10523321956769065,-0.07014652014652012,-0.0544815465729349,-0.037420382165605004,-0.10825892857142844,-0.18297421405863665,-0.13553431798436147,-0.09980806142034558,-0.1060032449972959,-0.08477842003853554,0.38049058756417575,-0.206678180771445,-0.13245823389021472,-0.09314456035767511,-0.1022805805114028,-0.935672514619883,-0.11784799316823219,-0.19505494505494514,-0.3067274800456102,-0.08962506420133544,-0.012104095218882418,0.29551777434312215,-0.08711770157553303,-0.32105263157894737,-0.034141958670260465,-0.14112149532710297,0.22638501394978078,-0.11340206185567012,-0.10989010989010997,-0.1964379256155055,-0.1159737417943107,0.3910498489425982,-0.10492107706592393,0.11922937113776812
36,0.1008217446270544,0.11295336787564765,0.10478306630803423,0.10753564154786152,0.08755364806866948,0.13127666557269446,0.1112662942271881,0.0958102279728897,0.16834617664493193,0.12163742690058489,0.10295823665893264,0.13817891373801922,0.10435779816513772,0.15602836879432624,0.2598231827111984,0.10832907511497195,0.1190476190476191,0.1291463954002653,0.11125485122897805,0.20352082438814936,0.3211169284467714,0.058663028649386044,0.17733089579524677,0.13348142164781918,0.12746585735963578,0.12961011591148583,0.16543513957307066,0.09515613474305396,0.161833855799373,0.191355873126525,0.13780918727915192,0.1199701937406855,0.09334708612686964,0.10521140609636187,0.10675039246467813,0.11673699015471167,0.1372171401059219,0.12108040981061788,0.12471482889733844,0.11016225448334764,0.08147044212617986,0.12033898305084745,-0.6201478743068393,0.10648148148148148,0.1192853389385181,0.08707482993197276,0.11660561660561651,0.33976833976833976,0.09224806201550384,0.1257005604483587,0.14187866927592965,0.1192038000452387,0.023058730784391045,-0.4071335363201393,0.09098567818028645,0.17030567685589518,0.1002425222312044,0.12078882497945774,-0.25890617160060214,0.12349397590361437,0.12540045766590396,0.11374187558031566,0.11376858435681964,-0.660708686108498,0.07235142118863049,-0.11920260374288053
37,0.022551745443311615,0.004127966976264102,0.02128877188966464,0.003652597402597397,0.02018502943650128,-0.02558061258835402,0.004172461752433929,0.026686656671664182,0.013450292397660843,0.0,0.02073274637886975,0.011838989739542253,0.0207748455923637,0.007042253521126767,0.05784359093012494,0.0025484199796126763,-0.023851280252542958,0.01738374619730561,0.0025806451612902675,0.06540930979133236,-0.10298363811357077,0.06979695431472079,0.03442188879082088,-0.0030382823577072247,-0.04603174603174604,0.02164948453608238,0.024038461538461595,0.04373383494004231,0.09278350515463916,0.03465679676985187,-0.02166064981949455,0.003711952487008219,0.07180469123982766,0.03935768261964735,0.012403100775193809,-0.030434782608695646,0.017966903073286005,-0.012893081761006293,0.004542013626040915,0.05182186234817804,0.025653436592449234,-0.003401360544217766,0.04332449160035368,-0.028571428571428716,0.02560163850486431,-0.016949152542372826,0.00787401574803165,-0.08368200836820079,0.06249999999999996,-0.005636070853462181,0.04037558685446006,0.02363074204946997,0.020084974893781367,-0.07782466010314112,0.02384868421052639,0.0351123595505618,0.011980830670926547,,-0.042364016736401604,,0.001827318410232944,0.010564997703261388,0.030094043887147252,0.033343437405274366,0.0506950122649224,-0.02161263507896923
