Date,Open,High,Low,Close,Volume
10/24/2013,25.25,25.25,24.68,24.925,24339
10/25/2013,24.96,25.0699,24.861,24.995,21795
10/28/2013,25.02,25.065,24.925,25.04,47473
10/29/2013,25.28,25.28,25.09,25.22,36048
10/30/2013,25.25,25.35,24.91,25.06,50198
10/31/2013,26.09,26.09,24.931,25.0,32045
11/01/2013,25.23,25.23,24.65,24.91,51618
11/04/2013,25.16,25.262,24.99,25.26,48743
11/05/2013,25.2,25.67,25.04,25.06,36977
11/06/2013,25.34,25.34,25.08,25.13,16659
11/07/2013,25.25,25.25,24.7,24.73,43836
11/08/2013,24.89,25.13,24.75,25.13,34565
11/11/2013,25.3,25.3,25.1,25.1793,40610
11/12/2013,25.26,25.26,24.9,24.92,22227
11/13/2013,24.98,25.11,24.83,25.11,45571
11/14/2013,25.28,25.3,25.14,25.3,22759
11/15/2013,25.49,25.49,25.31,25.48,49364
11/18/2013,25.65,25.65,25.2,25.25,65605
11/19/2013,25.33,25.36,25.15,25.25,35473
11/20/2013,25.37,25.43,25.15,25.2099,40873
11/21/2013,25.37,25.45,25.25,25.43,43740
11/22/2013,25.57,25.57,25.37,25.55,47463
11/25/2013,25.64,25.64,25.23,25.34,49719
11/26/2013,25.44,25.44,25.2101,25.28,22114
11/27/2013,25.4,25.4,24.971,25.08,36302
11/29/2013,25.02,25.251,25.0,25.07,13809
12/02/2013,25.15,25.215,24.95,25.031,16391
12/03/2013,25.07,25.18,24.97,25.1399,33268
12/04/2013,25.15,25.159,24.88,25.05,20659
12/05/2013,25.1,25.1,24.94,25.02,13862
12/06/2013,25.19,25.2,25.05,25.05,19999
12/09/2013,25.16,25.16,25.02,25.06,26944
12/10/2013,25.14,25.14,25.0,25.06,27709
12/11/2013,25.09,25.09,24.6,24.63,48693
12/12/2013,24.68,24.81,24.63,24.75,17888
12/13/2013,24.69,24.6922,24.55,24.68,17079
12/16/2013,24.99,24.99,24.74,24.9,34605
12/17/2013,24.98,24.98,24.6801,24.75,22336
12/18/2013,24.97,25.15,24.735,25.15,18075
12/19/2013,25.23,25.23,25.031,25.21,20556
12/20/2013,25.3,25.38,25.16,25.38,23159
12/23/2013,25.46,25.46,25.19,25.22,88096
12/24/2013,25.14,25.38,25.14,25.351,23755
12/26/2013,25.4,25.5899,25.4,25.56,63869
12/27/2013,25.73,25.73,25.56,25.7,35277
12/30/2013,25.72,25.75,25.45,25.51,67293
12/31/2013,25.64,25.7699,25.53,25.76,36300
01/02/2014,25.66,25.66,25.29,25.3799,62067
01/03/2014,25.44,25.471,25.23,25.3,47918
01/06/2014,25.48,25.48,25.1968,25.29,62622
01/07/2014,25.45,25.485,25.231,25.475,37698
01/08/2014,25.58,25.58,25.251,25.29,26668
01/09/2014,25.4,25.4,25.051,25.221,38101
01/10/2014,25.32,25.32,25.1,25.251,27106
01/13/2014,25.29,25.29,24.74,24.789,102627
01/14/2014,24.92,25.1,24.871,25.1,107116
01/15/2014,25.2,25.2,25.001,25.01,25052
01/16/2014,25.0,25.05,24.901,25.04,45197
01/17/2014,25.17,25.25,25.0,25.029,37313
01/21/2014,25.22,25.22,25.0099,25.16,29889
01/22/2014,25.27,25.315,25.1699,25.315,28752
01/23/2014,25.22,25.22,24.89,25.0,37204
01/24/2014,24.88,24.88,24.47,24.51,57229
01/27/2014,24.56,24.56,24.2,24.389,40178
01/28/2014,24.371,24.59,24.371,24.58,60980
01/29/2014,24.41,24.559,24.29,24.43,24939
01/30/2014,24.6,24.6,24.3428,24.45,24873
01/31/2014,24.25,24.35,24.03,24.14,27710
02/03/2014,24.08,24.205,23.68,23.7,100504
02/04/2014,23.79,23.99,23.7101,23.89,25929
02/05/2014,23.88,23.88,23.66,23.69,21678
02/06/2014,23.68,24.079,23.68,24.02,15343
02/07/2014,24.23,24.3099,24.07,24.29,19393
02/10/2014,24.35,24.35,24.08,24.14,19293
02/11/2014,24.1,24.55,24.1,24.5,47684
02/12/2014,24.66,24.66,24.469,24.49,30177
02/13/2014,24.36,24.68,24.33,24.6,17999
02/14/2014,24.66,25.0,24.66,24.96,76319
02/18/2014,25.07,25.12,24.95,25.07,51050
02/19/2014,25.11,25.32,25.0501,25.07,44031
02/20/2014,25.14,25.29,25.0701,25.26,26065
02/21/2014,25.36,25.36,25.11,25.11,55650
02/24/2014,25.32,25.71,25.28,25.46,42112
02/25/2014,25.49,25.52,25.31,25.4501,24071
02/26/2014,25.57,25.57,25.28,25.33,21138
02/27/2014,25.35,25.35,25.2,25.302,22655
02/28/2014,25.33,25.57,25.33,25.44,14645
03/03/2014,25.38,25.579,25.26,25.31,39156
03/04/2014,25.75,25.75,25.499,25.62,26958
03/05/2014,25.54,25.56,25.3,25.35,41561
03/06/2014,25.39,25.5,25.3499,25.5,19222
03/07/2014,25.64,25.64,25.48,25.59,21891
03/10/2014,25.59,25.62,25.43,25.62,31568
03/11/2014,25.7,25.7,25.21,25.29,41384
03/12/2014,25.18,25.386,25.12,25.3,17386
03/13/2014,25.28,25.34,24.97,25.08,32720
03/14/2014,25.05,25.18,25.05,25.13,20614
03/17/2014,25.3,25.33,25.19,25.28,52531
03/18/2014,25.43,25.56,25.2999,25.5,46289
03/19/2014,25.6,25.6,25.14,25.29,27902
03/20/2014,25.28,25.44,25.1476,25.42,18029
03/21/2014,25.49,25.579,25.4177,25.4177,11790
03/24/2014,25.64,25.64,25.33,25.36,23422
03/25/2014,25.39,25.58,25.39,25.56,18736
03/26/2014,25.59,25.72,25.459,25.46,16202
03/27/2014,25.56,25.71,25.4075,25.648,245305
03/28/2014,25.78,26.0357,25.78,25.99,41376
03/31/2014,26.14,26.15,25.921,25.99,45805
04/01/2014,26.1,26.12,25.9965,26.12,17794
04/02/2014,26.15,26.28,26.12,26.24,32724
04/03/2014,26.33,26.444,26.27,26.39,15970
04/04/2014,26.6,26.6,26.22,26.28,34509
04/07/2014,26.5,26.5,25.851,25.8699,35143
04/08/2014,25.94,26.14,25.9099,26.12,12424
04/09/2014,26.18,26.27,26.015,26.25,25081
04/10/2014,26.28,26.29,25.8501,25.91,22098
04/11/2014,25.89,25.97,25.7902,25.8451,28886
04/14/2014,25.98,26.22,25.929,26.16,21490
04/15/2014,26.29,26.48,26.13,26.47,167230
04/16/2014,26.67,26.84,26.64,26.8168,67559
04/17/2014,26.93,27.13,26.835,27.08,43150
04/21/2014,27.13,27.26,27.0201,27.24,70901
04/22/2014,27.3,27.3,27.0646,27.2,63532
04/23/2014,27.31,27.4,27.24,27.32,46631
04/24/2014,27.5,27.5,27.27,27.28,63817
04/25/2014,27.34,27.34,27.07,27.16,49836
04/28/2014,27.53,27.53,26.96,27.22,53670
04/29/2014,27.29,27.55,27.29,27.45,56296
04/30/2014,27.32,27.35,27.12,27.33,1348444
05/01/2014,27.66,27.66,27.16,27.22,301887
05/02/2014,27.28,27.48,27.21,27.32,31606
05/05/2014,27.31,27.4899,27.16,27.44,44217
05/06/2014,27.49,27.58,27.42,27.45,98226
05/07/2014,27.63,27.68,27.4,27.67,28852
05/08/2014,27.65,27.65,27.2476,27.26,78384
05/09/2014,27.33,27.33,27.15,27.22,31788
05/12/2014,27.39,27.42,27.26,27.42,51754
05/13/2014,27.48,27.53,27.417,27.52,95254
05/14/2014,27.57,27.59,27.47,27.52,166572
05/15/2014,27.52,27.52,26.98,27.16,62964
05/16/2014,27.28,27.28,27.02,27.12,64108
05/19/2014,27.12,27.28,27.1,27.2183,222855
05/20/2014,27.24,27.25,27.1,27.13,31863
05/21/2014,27.28,27.5,27.26,27.4698,54241
05/22/2014,27.54,27.54,27.42,27.43,40419
05/23/2014,27.47,27.5101,27.364,27.377,39434
05/27/2014,27.48,27.48,27.32,27.42,37183
05/28/2014,27.42,27.56,27.4,27.51,315770
05/29/2014,27.58,27.71,27.489,27.71,46964
05/30/2014,27.74,27.74,27.57,27.69,99011
06/02/2014,27.8,27.8,27.5899,27.63,49055
06/03/2014,27.6,27.74,27.53,27.7001,53608
06/04/2014,27.73,27.74,27.6,27.7,48294
06/05/2014,27.67,27.9,27.637,27.87,36588
06/06/2014,27.98,28.14,27.95,28.0877,59749
06/09/2014,28.14,28.29,28.1,28.17,56973
06/10/2014,28.18,28.18,28.06,28.12,63542
06/11/2014,28.08,28.29,28.06,28.25,175627
06/12/2014,28.43,28.54,28.31,28.34,112400
06/13/2014,28.5,28.62,28.27,28.6,98506
06/16/2014,28.65,28.82,28.6365,28.75,207914
06/17/2014,28.77,28.77,28.561,28.72,215626
06/18/2014,28.78,28.94,28.68,28.94,69605
06/19/2014,29.19,29.19,28.9,29.13,124346
06/20/2014,29.3,29.32,29.12,29.31,237604
06/23/2014,29.65,29.65,29.32,29.42,96841
06/24/2014,29.48,29.48,28.71,28.8,156057
06/25/2014,28.8,28.9933,28.65,28.97,680596
06/26/2014,29.02,29.05,28.73,29.02,57330
06/27/2014,28.97,29.03,28.85,29.03,76579
06/30/2014,29.05,29.06,28.92,29.06,56739
07/01/2014,29.23,29.45,29.02,29.11,109317
07/02/2014,29.12,29.14,28.98,29.04,115552
07/03/2014,29.12,29.1589,29.0,29.13,75759
07/07/2014,29.07,29.13,28.9,28.931,61632
07/08/2014,29.15,29.15,28.81,28.9,74141
07/09/2014,29.04,29.09,28.9001,29.07,36948
07/10/2014,28.8,28.94,28.65,28.77,75088
07/11/2014,28.83,28.83,28.5,28.54,65533
07/14/2014,28.72,28.84,28.6901,28.81,56303
07/15/2014,28.79,28.79,28.4901,28.64,59037
07/16/2014,28.87,29.1,28.819,29.1,55786
07/17/2014,29.17,29.17,28.6307,28.69,65017
07/18/2014,28.78,28.8299,28.61,28.76,57504
07/21/2014,28.8,28.83,28.6507,28.8,79724
07/22/2014,28.98,29.1,28.91,29.0462,169126
07/23/2014,29.42,29.42,29.0,29.2,54366
07/24/2014,29.28,29.34,29.19,29.23,97034
07/25/2014,29.23,29.23,28.9757,29.0,56380
07/28/2014,29.41,29.41,28.7442,28.93,277053
07/29/2014,28.95,29.0199,28.85,28.86,123745
07/30/2014,29.07,29.1,28.58,28.68,104460
07/31/2014,28.5,28.5001,27.97,27.98,109758
08/01/2014,27.88,27.95,27.52,27.74,172239
08/04/2014,27.79,28.28,27.66,28.23,233344
08/05/2014,28.09,28.09,27.45,27.61,93539
08/06/2014,27.55,27.97,27.55,27.6914,477391
08/07/2014,27.83,27.94,27.38,27.51,92330
08/08/2014,27.56,28.0,27.56,27.99,35530
08/11/2014,28.18,28.27,28.01,28.02,74780
08/12/2014,27.99,27.99,27.7,27.82,71116
08/13/2014,27.95,28.03,27.82,27.93,54434
08/14/2014,27.97,27.9799,27.7209,27.73,80335
08/15/2014,27.83,27.9749,27.75,27.96,54941
08/18/2014,28.15,28.15,27.9465,28.04,76130
08/19/2014,28.13,28.32,28.1148,28.27,79135
08/20/2014,28.27,28.35,28.1201,28.35,92372
08/21/2014,28.47,28.47,28.22,28.35,52240
08/22/2014,28.27,28.27,28.0647,28.15,35434
08/25/2014,28.29,28.45,28.28,28.44,150013
08/26/2014,28.44,28.71,28.44,28.57,49729
08/27/2014,28.56,28.6599,28.47,28.54,50126
08/28/2014,28.48,28.57,28.44,28.5414,38079
08/29/2014,28.63,28.73,28.45,28.72,101381
09/02/2014,28.81,28.81,28.25,28.3,185036
09/03/2014,28.56,28.61,28.43,28.44,42116
09/04/2014,28.46,28.5,27.9101,28.0188,69980
09/05/2014,28.01,28.24,27.8962,28.24,50086
09/08/2014,28.17,28.17,27.67,27.8,70115
09/09/2014,27.89,27.89,27.5132,27.65,53068
09/10/2014,27.59,27.6,27.2799,27.6,396219
09/11/2014,27.45,27.65,27.2794,27.64,52493
09/12/2014,27.65,27.65,27.1462,27.23,61244
09/15/2014,27.2,27.45,27.06,27.3999,51628
09/16/2014,27.39,27.89,27.37,27.72,45799
09/17/2014,27.77,27.91,27.5853,27.5853,77862
09/18/2014,27.67,27.69,27.3906,27.454,37327
09/19/2014,27.38,27.5,27.29,27.31,58970
09/22/2014,27.27,27.27,26.78,26.87,144978
09/23/2014,26.87,27.04,26.79,26.832,38538
09/24/2014,26.79,26.92,26.43,26.83,105540
09/25/2014,26.8,26.81,26.415,26.415,69221
09/26/2014,26.43,26.8199,26.3399,26.75,56656
09/29/2014,26.53,26.7199,26.37,26.68,538906
09/30/2014,26.71,26.72,26.1901,26.3648,43274
10/01/2014,26.35,26.4175,25.73,25.81,1221460
10/02/2014,25.7,25.8472,25.23,25.72,238332
10/03/2014,25.82,25.82,25.46,25.69,65569
10/06/2014,25.77,25.91,25.527,25.6999,40958
10/07/2014,25.58,25.8401,25.33,25.33,75523
10/08/2014,25.29,25.5499,24.82,25.54,109751
10/09/2014,25.36,25.39,24.5599,24.56,115849
10/10/2014,24.55,24.7431,23.99,24.25,188807
10/13/2014,24.21,24.4325,23.454,23.47,138323
10/14/2014,23.61,23.84,23.04,23.16,115910
10/15/2014,22.88,23.4006,22.5,23.37,900077
10/16/2014,22.84,24.0099,22.8001,23.79,87543
10/17/2014,24.22,24.47,23.79,23.98,118690
10/20/2014,23.96,24.2,23.85,24.16,74291
10/21/2014,24.43,24.9499,24.43,24.88,125520
10/22/2014,24.97,25.1099,24.406,24.41,89223
10/23/2014,24.75,25.08,24.617,24.85,62680
10/24/2014,24.87,24.87,24.47,24.7999,68196
10/27/2014,24.5,24.5,24.04,24.26,137867
10/28/2014,24.35,24.8607,24.266,24.82,137036
10/29/2014,25.13,25.28,24.66,24.916,61450
10/30/2014,24.79,24.9,24.54,24.8,57238
10/31/2014,24.94,25.33,24.6201,25.32,85474
11/03/2014,25.45,25.52,24.8301,24.88,112307
11/04/2014,24.69,24.69,24.15,24.33,123322
11/05/2014,24.65,24.8401,24.41,24.74,79093
11/06/2014,24.69,25.04,24.54,25.04,52442
11/07/2014,25.13,25.5499,25.13,25.38,98030
11/10/2014,25.69,25.71,25.08,25.13,112578
11/11/2014,25.19,25.2799,24.9397,25.21,133812
11/12/2014,25.14,25.31,24.9832,25.0,74154
11/13/2014,24.93,24.93,24.314,24.66,119319
11/14/2014,24.78,24.95,24.65,24.92,48058
11/17/2014,24.86,24.9231,24.69,24.8,65093
11/18/2014,24.81,24.98,24.68,24.8085,54467
11/19/2014,24.81,24.99,24.62,24.93,101609
11/20/2014,24.9,25.27,24.9,25.24,70007
11/21/2014,25.62,25.76,25.4077,25.56,118568
11/24/2014,25.57,25.63,25.27,25.38,70536
11/25/2014,25.46,25.46,24.9202,24.97,85170
11/26/2014,24.9,24.9,24.6284,24.659,84897
11/28/2014,23.82,23.92,22.97,23.03,1289005
12/01/2014,23.0,23.12,22.66,23.02,577684
12/02/2014,23.02,23.53,22.8606,23.31,1322979
12/03/2014,23.49,23.79,23.3957,23.61,372005
12/04/2014,23.53,23.53,23.2,23.4,230549
12/05/2014,23.38,23.39,23.0201,23.12,202803
12/08/2014,22.99,22.99,22.11,22.17,350548
12/09/2014,22.15,22.4428,22.01,22.41,100620
12/10/2014,22.23,22.23,21.55,21.69,327956
12/11/2014,21.77,22.209,21.62,21.67,164965
12/12/2014,21.49,21.59,21.25,21.25,260661
12/15/2014,21.46,21.63,20.9605,21.04,217517
12/16/2014,20.92,21.8499,20.8212,21.23,670527
12/17/2014,21.71,22.35,21.3488,22.16,413695
12/18/2014,22.7,22.79,22.03,22.62,403001
12/19/2014,22.76,23.24,22.4946,23.24,179546
12/22/2014,23.3,23.3,22.76,22.973,1036242
12/23/2014,23.12,23.36,22.99,23.29,405038
12/24/2014,23.29,23.29,22.85,23.1,424890
12/26/2014,23.28,23.29,22.98,23.08,128464
12/29/2014,23.19,23.3199,23.02,23.16,137011
12/30/2014,23.15,23.16,22.91,22.97,184356
12/31/2014,23.0,23.0484,22.66,22.83,165593
01/02/2015,22.86,22.9899,22.6,22.9,102591
01/05/2015,22.68,22.75,21.89,22.02,292338
01/06/2015,22.04,22.15,21.52,21.7,1424320
01/07/2015,22.02,22.03,21.58,21.72,176884
01/08/2015,21.96,22.23,21.8226,22.23,171704
01/09/2015,22.33,22.33,21.83,22.07,250974
01/12/2015,21.91,21.91,21.29,21.43,390903
01/13/2015,21.53,21.6,21.0478,21.28,421155
01/14/2015,21.09,21.36,20.71,21.33,288483
01/15/2015,21.64,21.64,21.0246,21.05,138452
01/16/2015,21.31,21.74,21.2399,21.74,153922
01/20/2015,21.66,21.74,21.34,21.73,303990
01/21/2015,21.81,22.16,21.77,22.13,132848
01/22/2015,22.45,22.45,21.86,22.27,218249
01/23/2015,22.29,22.38,22.05,22.07,115741
01/26/2015,22.21,22.42,21.95,22.4,155935
01/27/2015,22.29,22.4699,22.1721,22.38,152075
01/28/2015,22.36,22.36,21.4444,21.51,317455
01/29/2015,21.67,21.75,21.06,21.54,358438
01/30/2015,21.5,21.98,21.23,21.73,181755
02/02/2015,21.99,22.3999,21.8699,22.37,188671
02/03/2015,22.73,23.1499,22.58,23.03,362561
02/04/2015,22.86,22.86,22.469,22.65,209037
02/05/2015,22.87,23.12,22.779,23.02,176893
02/06/2015,23.23,23.33,22.92,22.99,146647
02/09/2015,23.08,23.32,23.0061,23.0501,233211
02/10/2015,23.23,23.24,22.5901,22.97,212892
02/11/2015,22.76,22.9085,22.58,22.822,108485
02/12/2015,23.14,23.27,23.016,23.17,100039
02/13/2015,23.54,23.66,23.26,23.66,277857
02/17/2015,23.74,23.7443,23.4,23.71,324204
02/18/2015,23.57,23.6,23.36,23.39,150392
02/19/2015,22.92,23.39,22.8,23.25,185613
02/20/2015,23.29,23.31,22.98,23.15,109872
02/23/2015,23.03,23.2177,22.87,23.05,130235
02/24/2015,23.26,23.26,22.9745,23.1,94279
02/25/2015,23.15,23.27,23.02,23.22,107932
02/26/2015,24.339,24.339,22.7082,22.83,209933
02/27/2015,22.99,22.99,22.74,22.76,108472
03/02/2015,22.76,22.76,22.38,22.59,266277
03/03/2015,22.62,22.7815,22.4801,22.67,86509
03/04/2015,22.71,22.78,22.383,22.62,96965
03/05/2015,22.64,22.64,22.4506,22.5,70512
03/06/2015,22.4,22.4499,22.0551,22.12,142811
03/09/2015,22.17,22.34,21.975,21.98,184869
03/10/2015,21.85,21.8999,21.65,21.65,104611
03/11/2015,21.77,21.8006,21.55,21.72,141845
03/12/2015,21.8,21.8,21.59,21.6,161776
03/13/2015,21.53,21.53,21.25,21.5,211213
03/16/2015,21.45,21.75,21.3,21.73,126676
03/17/2015,21.64,21.72,21.5041,21.64,84344
03/18/2015,21.59,22.37,21.45,22.26,204828
03/19/2015,22.03,22.07,21.85,21.9,94221
03/20/2015,22.04,22.177,21.92,22.06,80867
03/23/2015,22.13,22.26,22.0099,22.0099,95227
03/24/2015,22.25,22.25,21.85,21.86,98625
03/25/2015,22.02,22.27,21.98,22.12,122430
03/26/2015,22.43,22.4399,22.02,22.11,105895
03/27/2015,22.09,22.09,21.86,21.93,528248
03/30/2015,22.21,22.41,22.1401,22.36,4117652
03/31/2015,22.21,22.34,22.03,22.19,547802
04/01/2015,22.35,22.42,22.2025,22.25,392440
04/02/2015,22.26,22.4355,22.09,22.35,103461
04/06/2015,22.41,22.8569,22.3799,22.73,193734
04/07/2015,22.85,22.93,22.68,22.8,136545
04/08/2015,22.95,22.95,22.55,22.59,183460
04/09/2015,22.6,22.94,22.6,22.9,120291
04/10/2015,23.0,23.0399,22.87,23.01,86476
04/13/2015,23.15,23.15,22.805,22.84,115009
04/14/2015,22.98,23.29,22.98,23.21,127174
04/15/2015,23.44,23.85,23.34,23.78,492196
04/16/2015,24.99,24.99,23.5361,23.72,145369
04/17/2015,23.71,23.71,23.3299,23.51,150592
04/20/2015,23.66,23.85,23.6,23.61,114491
04/21/2015,23.67,23.67,23.26,23.34,154042
04/22/2015,23.39,23.5758,23.23,23.49,79370
04/23/2015,23.64,23.8155,23.54,23.67,125301
04/24/2015,23.83,23.83,23.38,23.5043,75697
04/27/2015,23.63,23.6599,23.45,23.47,122149
04/28/2015,23.49,23.61,23.44,23.59,115515
04/29/2015,23.57,23.84,23.46,23.82,85879
04/30/2015,23.94,23.94,23.6101,23.77,1093793
05/01/2015,23.85,23.8501,23.62,23.82,251543
05/04/2015,23.84,23.94,23.64,23.76,265936
05/05/2015,23.91,24.07,23.467,23.51,249323
05/06/2015,23.69,23.81,23.28,23.4,151493
05/07/2015,23.31,23.31,22.96,23.13,193303
05/08/2015,23.33,23.52,23.03,23.51,105698
05/11/2015,23.6,23.6,23.0599,23.09,141730
05/12/2015,23.03,23.29,23.02,23.2,75897
05/13/2015,23.33,23.4,23.03,23.11,127688
05/14/2015,23.26,23.31,23.06,23.08,96297
05/15/2015,23.04,23.2509,22.91,23.17,123461
05/18/2015,23.2,23.2,23.04,23.2,222455
05/19/2015,23.07,23.07,22.83,22.87,487126
05/20/2015,22.95,22.9801,22.79,22.92,123197
05/21/2015,23.02,23.177,23.0,23.15,114380
05/22/2015,22.98,23.1399,22.9563,23.04,69188
05/26/2015,22.8,22.97,22.58,22.67,193104
05/27/2015,22.65,22.7799,22.52,22.64,283295
05/28/2015,22.6,22.6,22.41,22.55,160870
05/29/2015,22.54,22.6401,22.49,22.54,94882
06/01/2015,22.56,22.58,22.4401,22.49,298932
06/02/2015,22.54,22.745,22.47,22.64,179245
06/03/2015,22.6,22.71,22.46,22.47,555005
06/04/2015,22.41,22.41,22.16,22.18,521754
06/05/2015,22.11,22.53,22.11,22.35,94693
06/08/2015,22.33,22.41,22.2,22.24,132797
06/09/2015,22.37,22.5,22.25,22.25,96418
06/10/2015,22.54,22.59,22.46,22.55,109680
06/11/2015,22.59,22.6,22.4201,22.44,47242
06/12/2015,22.32,22.35,22.15,22.2,79463
06/15/2015,22.08,22.23,21.96,22.13,146655
06/16/2015,22.24,22.3,22.0801,22.29,62836
06/17/2015,22.45,22.5,22.15,22.25,74098
06/18/2015,22.31,22.38,22.22,22.22,112714
06/19/2015,21.99,22.03,21.86,21.9,149495
06/22/2015,22.06,22.12,21.9201,22.0861,146337
06/23/2015,22.09,22.22,22.0556,22.19,78700
06/24/2015,22.15,22.25,22.04,22.06,159679
06/25/2015,22.07,22.07,21.82,21.8299,120152
06/26/2015,21.83,21.86,21.66,21.86,90121
06/29/2015,21.63,21.7,21.4599,21.46,125575
06/30/2015,21.66,21.66,21.46,21.57,1063356
07/01/2015,21.65,21.65,21.1846,21.26,153289
07/02/2015,21.34,21.46,21.3,21.33,98915
07/06/2015,21.08,21.2299,20.96,21.0199,2662318
07/07/2015,20.99,21.2799,20.69,21.23,207331
07/08/2015,21.07,21.22,20.7,20.79,239989
07/09/2015,21.03,21.15,20.87,20.87,81339
07/10/2015,20.97,21.12,20.88,20.96,182467
07/13/2015,20.99,21.1301,20.97,21.1,103281
07/14/2015,21.05,21.3501,21.0,21.31,99938
07/15/2015,21.21,21.2499,20.839,20.92,256103
07/16/2015,21.02,21.06,20.8599,20.89,72486
07/17/2015,20.88,20.88,20.57,20.65,141709
07/20/2015,20.65,20.65,20.34,20.36,151897
07/21/2015,20.36,20.5501,20.33,20.39,92712
07/22/2015,20.35,20.408,20.19,20.22,163503
07/23/2015,20.25,20.38,20.031,20.17,114817
07/24/2015,20.2,20.2,19.7,19.77,216477
07/27/2015,19.55,19.7,19.3991,19.47,209258
07/28/2015,19.54,20.14,19.5,20.04,166365
07/29/2015,20.04,20.38,19.9401,20.37,304525
07/30/2015,20.36,20.3858,20.139,20.25,96472
07/31/2015,20.11,20.11,19.7001,19.71,171420
08/03/2015,19.58,19.62,19.28,19.33,300353
08/04/2015,19.33,19.55,19.15,19.23,107326
08/05/2015,19.35,19.5746,19.08,19.08,260402
08/06/2015,19.04,19.4523,18.852,19.43,209495
08/07/2015,19.31,19.5,19.0,19.06,182601
08/10/2015,19.11,19.7,19.11,19.7,59736
08/11/2015,19.23,19.71,19.21,19.68,201575
08/12/2015,19.56,20.0899,19.5339,20.06,120221
08/13/2015,19.94,19.97,19.73,19.76,112573
08/14/2015,19.81,19.9,19.6601,19.68,52626
08/17/2015,19.63,19.82,19.55,19.7076,72808
08/18/2015,19.65,19.738,19.54,19.65,60175
08/19/2015,19.55,19.55,19.0,19.11,201518
08/20/2015,19.01,19.13,18.65,18.65,339985
08/21/2015,18.5,18.65,18.02,18.02,613773
08/24/2015,17.35,17.75,16.926,17.1,464714
08/25/2015,17.81,17.81,16.86,16.86,233038
08/26/2015,17.26,17.435,16.926,17.39,201936
08/27/2015,17.82,18.34,17.8,18.33,374095
08/28/2015,18.28,18.9099,18.28,18.71,184564
08/31/2015,18.6,19.02,18.2575,19.0,345899
09/01/2015,18.46,18.5801,18.12,18.23,206516
09/02/2015,18.55,18.55,18.0,18.41,229325
09/03/2015,18.51,18.86,18.3699,18.481,103912
09/04/2015,18.2,18.25,18.08,18.1699,103046
09/08/2015,18.34,18.4419,18.11,18.41,63240
09/09/2015,18.5,18.742,18.01,18.04,73513
09/10/2015,18.11,18.21,17.87,18.12,109980
09/11/2015,18.0,18.02,17.74,17.93,104936
09/14/2015,17.91,17.91,17.71,17.812,123181
09/15/2015,17.89,18.07,17.89,18.02,121460
09/16/2015,18.16,18.555,18.16,18.55,166184
09/17/2015,18.55,18.87,18.42,18.53,68121
09/18/2015,18.11,18.17,17.8001,17.88,103141
09/21/2015,18.07,18.112,17.88,17.964,120987
09/22/2015,17.66,17.96,17.6501,17.79,107567
09/23/2015,17.83,17.91,17.51,17.53,273295
09/24/2015,17.41,17.7,17.28,17.62,269183
09/25/2015,17.81,17.81,17.5,17.614,449470
09/28/2015,17.43,17.43,16.9799,16.99,101776
09/29/2015,17.08,17.2,16.857,17.0,128525
09/30/2015,17.2,17.3976,17.12,17.38,72429
10/01/2015,17.57,17.74,17.25,17.41,93264
10/02/2015,17.22,18.11,17.1901,18.11,135507
10/05/2015,18.4,18.72,18.31,18.69,128253
10/06/2015,18.81,19.2799,18.65,19.15,234877
10/07/2015,19.4,19.62,18.981,19.41,256722
10/08/2015,19.41,19.86,19.27,19.78,125497
10/09/2015,19.89,19.89,19.55,19.65,300966
10/12/2015,19.7,19.7,19.21,19.375,133266
10/13/2015,19.2,19.47,19.12,19.21,96749
10/14/2015,19.17,19.419,19.0502,19.37,93380
10/15/2015,19.34,19.7,19.204,19.69,130021
10/16/2015,19.78,19.82,19.49,19.7,91748
10/19/2015,19.54,19.54,19.23,19.29,72190
10/20/2015,19.29,19.49,19.19,19.37,146983
10/21/2015,19.36,19.37,19.0965,19.1,46411
10/22/2015,19.26,19.5,19.2,19.47,123035
10/23/2015,19.44,19.6,19.2695,19.44,96955
10/26/2015,19.38,19.39,18.95,18.96,127556
10/27/2015,18.7,18.77,18.52,18.7038,90837
10/28/2015,18.8,19.28,18.75,19.15,95329
10/29/2015,19.08,19.432,19.0648,19.24,93030
10/30/2015,19.31,19.56,19.1038,19.37,87499
11/02/2015,19.3,19.91,19.2316,19.84,207468
11/03/2015,19.98,20.48,19.98,20.32,129022
11/04/2015,20.38,20.4,19.99,20.15,211241
11/05/2015,20.08,20.234,19.8691,19.94,92447
11/06/2015,19.75,19.87,19.5699,19.87,82401
11/09/2015,19.84,20.0,19.56,19.64,393923
11/10/2015,19.6,19.78,19.51,19.69,97203
11/11/2015,19.71,19.71,19.23,19.29,128662
11/12/2015,19.11,19.116,18.79,18.83,122156
11/13/2015,18.78,18.8686,18.528,18.73,79302
11/16/2015,18.68,19.375,18.6046,19.36,132881
11/17/2015,19.29,19.38,19.1,19.1399,228438
11/18/2015,19.23,19.5,19.11,19.48,170493
11/19/2015,19.37,19.42,19.05,19.2,161505
11/20/2015,19.21,19.29,18.96,18.9739,85293
11/23/2015,18.93,19.2026,18.878,19.11,75970
11/24/2015,19.25,19.64,19.25,19.58,111419
11/25/2015,19.43,19.566,19.26,19.4161,80342
11/27/2015,19.27,19.3001,19.1801,19.24,21910
11/30/2015,19.31,19.509,19.289,19.36,64556
12/01/2015,19.37,19.465,19.331,19.46,111217
12/02/2015,19.35,19.39,18.8,18.84,187004
12/03/2015,19.0,19.0,18.395,18.48,162333
12/04/2015,18.3,18.45,18.0,18.33,165560
12/07/2015,17.97,17.99,17.37,17.61,436181
12/08/2015,17.2,17.65,17.07,17.41,220804
12/09/2015,17.5,18.0199,17.41,17.637,186854
12/10/2015,17.7,18.01,17.5599,17.788,142804
12/11/2015,17.5,17.5,17.13,17.15,407550
12/14/2015,17.07,17.33,16.8895,17.22,253745
12/15/2015,17.52,17.77,17.516,17.69,201443
12/16/2015,17.65,17.8,17.397,17.59,261667
12/17/2015,17.62,17.622,17.13,17.13,142986
12/18/2015,17.04,17.04,16.71,16.74,415717
12/21/2015,16.74,16.845,16.54,16.7,327499
12/22/2015,16.75,17.0,16.7,16.92,358145
12/23/2015,17.23,17.68,17.21,17.68,268891
12/24/2015,17.74,17.74,17.472,17.5,79961
12/28/2015,17.2,17.29,17.088,17.18,774442
12/29/2015,17.5,17.52,17.189,17.289,233886
12/30/2015,17.0,17.28,16.974,17.01,237896
12/31/2015,17.02,17.2,16.9,17.09,235068
01/04/2016,17.05,17.21,16.8,17.08,192620
01/05/2016,17.12,17.15,16.87,17.14,94104
01/06/2016,16.88,16.88,16.375,16.4938,377396
01/07/2016,16.24,16.505,16.016,16.1,430436
01/08/2016,16.17,16.1899,15.82,15.89,253862
01/11/2016,15.95,15.95,15.341,15.53,202392
01/12/2016,15.92,15.92,15.15,15.58,193107
01/13/2016,15.75,15.85,15.086,15.25,247390
01/14/2016,15.37,16.0401,15.18,15.91,181129
01/15/2016,15.32,15.57,15.19,15.47,305771
01/19/2016,15.59,15.61,14.85,15.08,279392
01/20/2016,14.81,14.8585,14.14,14.65,358642
01/21/2016,14.65,15.2741,14.56,15.11,196735
01/22/2016,15.7,15.89,15.4,15.78,233083
01/25/2016,15.51,15.8399,15.02,15.04,261120
01/26/2016,15.27,15.62,15.09,15.62,141871
01/27/2016,15.64,15.95,15.3581,15.54,184635
01/28/2016,16.06,16.2,15.7,16.04,149322
01/29/2016,16.08,16.47,15.99,16.47,157354
02/01/2016,16.33,16.33,15.9,16.14,257543
02/02/2016,15.85,15.85,15.53,15.6,147389
02/03/2016,15.83,16.2,15.2801,16.2,205384
02/04/2016,16.26,16.51,16.11,16.22,141275
02/05/2016,16.05,16.05,15.739,15.86,101821
02/08/2016,15.55,15.91,15.3277,15.82,135850
02/09/2016,15.6,15.72,15.19,15.43,182384
02/10/2016,15.41,15.72,15.24,15.37,123606
02/11/2016,15.09,15.4,14.88,15.3,210686
02/12/2016,15.48,15.74,15.3695,15.68,187570
02/16/2016,15.97,16.0,15.62,15.85,146034
02/17/2016,16.08,16.41,15.97,16.32,236499
02/18/2016,16.49,16.5,16.09,16.15,161539
02/19/2016,16.03,16.1,15.8,16.1,73068
02/22/2016,16.58,16.59,16.33,16.46,163405
02/23/2016,16.34,16.39,15.91,15.94,149928
02/24/2016,15.68,16.12,15.59,16.1,133672
02/25/2016,16.05,16.1399,15.795,16.12,113361
02/26/2016,16.4,16.45,16.22,16.24,108543
02/29/2016,16.35,16.36,16.05,16.1,115328
03/01/2016,16.23,16.47,16.03,16.41,207350
03/02/2016,16.34,16.854,16.26,16.854,206882
03/03/2016,16.91,17.15,16.79,17.13,157355
03/04/2016,17.25,17.55,17.04,17.3,181448
03/07/2016,17.55,17.73,17.26,17.73,286232
03/08/2016,17.71,17.71,16.94,16.96,375631
03/09/2016,17.21,17.44,16.98,17.2159,123113
03/10/2016,17.25,17.25,16.94,17.24,105993
03/11/2016,17.52,17.72,17.438,17.66,173911
03/14/2016,17.5,17.605,17.36,17.54,103689
03/15/2016,17.3,17.49,17.175,17.49,71851
03/16/2016,17.64,17.84,17.51,17.8,189862
03/17/2016,17.98,18.22,17.8,18.08,133576
03/18/2016,18.22,18.22,17.81,17.94,213900
03/21/2016,17.9,18.01,17.72,17.89,232985
03/22/2016,17.79,17.965,17.7,17.84,59201
03/23/2016,17.72,17.77,17.4,17.43,149493
03/24/2016,17.24,17.51,17.09,17.505,253087
03/28/2016,17.57,17.57,17.3101,17.42,79915
03/29/2016,17.27,17.53,17.13,17.52,116230
03/30/2016,17.71,17.74,17.465,17.56,122146
03/31/2016,17.52,17.715,17.46,17.56,80205
04/01/2016,17.26,17.372,17.19,17.32,146749
04/04/2016,17.32,17.4501,17.145,17.1862,86051
04/05/2016,17.08,17.18,17.01,17.06,76281
04/06/2016,17.17,17.448,17.08,17.4333,103589
04/07/2016,17.34,17.47,17.18,17.33,68606
04/08/2016,17.67,17.7615,17.6,17.67,102236
04/11/2016,17.77,17.85,17.635,17.64,280966
04/12/2016,17.73,18.27,17.69,18.16,201815
04/13/2016,18.23,18.3,18.0599,18.26,192395
04/14/2016,18.29,18.32,18.195,18.3115,98914
04/15/2016,18.22,18.22,18.03,18.07,90830
04/18/2016,17.7,18.38,17.65,18.3469,676380
04/19/2016,18.48,18.75,18.36,18.75,351002
04/20/2016,18.68,19.05,18.59,18.89,681688
04/21/2016,18.95,19.02,18.76,18.82,204640
04/22/2016,18.85,19.1361,18.85,19.08,128937
04/25/2016,19.02,19.06,18.7164,18.87,429886
04/26/2016,18.98,19.14,18.89,19.14,89328
04/27/2016,19.26,19.5329,19.24,19.5,335560
04/28/2016,19.41,19.5599,19.144,19.22,256891
04/29/2016,19.23,19.47,18.91,19.2,150307
05/02/2016,19.2,19.23,18.955,19.19,306653
05/03/2016,18.91,18.98,18.59,18.71,793516
05/04/2016,18.74,18.86,18.34,18.45,138469
05/05/2016,18.75,18.84,18.44,18.56,94685
05/06/2016,18.46,18.7365,18.42,18.52,66083
05/09/2016,18.48,18.48,18.0262,18.25,659961
05/10/2016,18.36,18.61,18.36,18.61,229335
05/11/2016,18.6,18.8,18.422,18.65,138634
05/12/2016,18.86,18.95,18.59,18.7,131871
05/13/2016,18.64,18.7075,18.43,18.47,158081
05/16/2016,18.7,18.825,18.6778,18.79,103480
05/17/2016,18.79,19.02,18.7316,18.86,298887
05/18/2016,18.9,18.92,18.55,18.67,104405
05/19/2016,18.53,18.69,18.31,18.68,100049
05/20/2016,18.76,18.8124,18.6224,18.7799,57042
05/23/2016,18.69,18.81,18.6,18.74,56475
05/24/2016,18.85,18.9,18.7,18.81,84152
05/25/2016,18.92,19.1598,18.92,19.13,183444
05/26/2016,19.23,19.2948,18.995,19.04,121352
05/27/2016,19.03,19.07,18.89,19.07,73855
05/31/2016,19.12,19.2501,18.89,19.0,259910
06/01/2016,18.8,19.045,18.72,19.03,117603
06/02/2016,18.86,18.96,18.75,18.96,86472
06/03/2016,18.98,19.045,18.796,18.91,71683
06/06/2016,19.1,19.35,19.03,19.35,104301
06/07/2016,19.47,19.81,19.39,19.7531,144941
06/08/2016,19.91,19.9699,19.6801,19.73,181994
06/09/2016,19.55,19.684,19.4615,19.62,98941
06/10/2016,19.41,19.51,19.146,19.19,176732
06/13/2016,19.09,19.34,19.02,19.11,134330
06/14/2016,19.03,19.1592,18.86,19.09,173760
06/15/2016,19.0,19.272,18.92,19.05,74043
06/16/2016,18.86,19.0,18.58,18.96,358646
06/17/2016,19.0,19.07,18.93,19.02,293885
06/20/2016,19.26,19.334,19.19,19.2,186614
06/21/2016,19.14,19.43,19.1,19.4,96558
06/22/2016,19.48,19.48,19.27,19.28,179860
06/23/2016,19.48,19.63,19.38,19.63,116718
06/24/2016,18.96,19.1899,18.836,18.91,314105
06/27/2016,18.7,18.702,18.22,18.36,285732
06/28/2016,18.71,18.87,18.6,18.87,136235
06/29/2016,19.05,19.36,19.0301,19.25,352088
06/30/2016,19.19,19.41,19.13,19.4,164529
07/01/2016,19.39,19.58,19.39,19.55,186300
07/05/2016,19.26,19.31,18.91,19.12,323370
07/06/2016,19.08,19.22,18.89,19.22,170321
07/07/2016,19.35,19.43,18.87,19.01,280584
07/08/2016,19.19,19.3,19.08,19.2567,164211
07/11/2016,19.39,19.44,19.27,19.27,179142
07/12/2016,19.51,19.85,19.51,19.77,905341
07/13/2016,19.76,19.8199,19.41,19.59,354463
07/14/2016,19.72,19.77,19.63,19.68,166505
07/15/2016,19.72,19.82,19.61,19.68,72138
07/18/2016,19.6,19.68,19.49,19.66,91438
07/19/2016,19.67,19.67,19.5,19.56,76912
07/20/2016,19.52,19.62,19.3226,19.54,176923
07/21/2016,19.52,19.65,19.3,19.34,95306
07/22/2016,19.42,19.4556,19.29,19.39,84946
07/25/2016,19.3,19.3,18.94,19.0,236040
07/26/2016,18.92,19.1,18.731,19.09,144910
07/27/2016,19.09,19.2501,18.83,18.89,127297
07/28/2016,18.89,18.9371,18.7302,18.85,102884
07/29/2016,18.64,19.03,18.54,19.01,141462
08/01/2016,18.88,18.88,18.31,18.37,618479
08/02/2016,18.48,18.65,18.2,18.52,356998
08/03/2016,18.51,18.89,18.48,18.89,193485
08/04/2016,18.76,19.01,18.76,18.88,81321
08/05/2016,18.9,19.07,18.8614,19.04,142250
08/08/2016,19.2,19.44,19.2,19.32,251985
08/09/2016,19.38,19.38,19.14,19.22,147231
08/10/2016,19.28,19.28,18.946,18.97,90855
08/11/2016,19.04,19.34,19.01,19.25,199131
08/12/2016,19.32,19.42,19.28,19.35,77344
08/15/2016,19.5,19.5702,19.43,19.53,160304
08/16/2016,19.47,19.62,19.39,19.56,128465
08/17/2016,19.53,19.6214,19.43,19.62,125346
08/18/2016,19.7,19.9716,19.7,19.9716,127266
08/19/2016,19.99,19.99,19.74,19.83,82305
08/22/2016,19.73,19.73,19.5,19.62,91264
08/23/2016,19.61,19.77,19.61,19.71,73447
08/24/2016,19.65,19.75,19.58,19.63,97033
08/25/2016,19.64,19.67,19.53,19.59,49122
08/26/2016,19.66,19.79,19.4662,19.55,78682
08/29/2016,19.5,19.69,19.4801,19.67,62273
08/30/2016,19.74,19.7959,19.5399,19.61,55541
08/31/2016,19.51,19.61,19.21,19.32,123334
09/01/2016,19.27,19.28,19.1,19.28,130179
09/02/2016,19.39,19.5231,19.3718,19.47,80707
09/06/2016,19.5,19.7637,19.5,19.75,117994
09/07/2016,19.87,19.88,19.7301,19.83,122634
09/08/2016,19.93,20.2052,19.84,20.19,113249
09/09/2016,20.05,20.05,19.6,19.6,166663
09/12/2016,19.48,19.8457,19.4274,19.77,123101
09/13/2016,19.52,19.52,19.12,19.1799,136088
09/14/2016,19.14,19.35,18.89,18.94,107118
09/15/2016,18.98,19.28,18.97,19.14,74888
09/16/2016,18.88,18.935,18.78,18.8753,76871
09/19/2016,19.05,19.07,18.86,18.86,94464
09/20/2016,18.86,18.9344,18.7,18.7,264386
09/21/2016,18.89,19.13,18.8363,19.12,189418
09/22/2016,19.29,19.39,19.17,19.1833,136280
09/23/2016,19.07,19.2501,18.82,18.92,136898
09/26/2016,18.9,19.0822,18.82,18.84,211632
09/27/2016,18.7,18.7462,18.5001,18.71,174568
09/28/2016,18.78,19.5861,18.6713,19.56,278411
09/29/2016,19.53,19.77,19.39,19.5763,172872
09/30/2016,19.69,19.93,19.6,19.83,157778
10/03/2016,19.9,19.92,19.65,19.79,192304
10/04/2016,19.84,19.86,19.54,19.61,79250
10/05/2016,19.8,19.99,19.8,19.9133,119241
10/06/2016,20.0,20.04,19.7881,19.9515,67272
10/07/2016,20.01,20.02,19.79,19.85,83690
10/10/2016,20.01,20.25,20.01,20.18,108692
10/11/2016,20.15,20.15,19.8441,19.94,80914
10/12/2016,19.89,19.9245,19.6962,19.83,178278
10/13/2016,19.68,19.824,19.48,19.71,123578
10/14/2016,19.84,19.9,19.6119,19.63,331148
10/17/2016,19.62,19.7,19.44,19.52,139376
10/18/2016,19.75,19.75,19.53,19.61,94353
10/19/2016,19.78,20.03,19.77,19.884,169013
10/20/2016,19.81,19.92,19.66,19.86,112558
10/21/2016,19.73,19.76,19.63,19.74,91789
10/24/2016,19.79,19.81,19.455,19.67,135214
10/25/2016,19.63,19.8599,19.52,19.53,183055
10/26/2016,19.39,19.63,19.33,19.57,86481
10/27/2016,19.65,19.6828,19.49,19.49,77276
10/28/2016,19.49,19.7,19.28,19.38,105233
10/31/2016,19.3,19.3766,19.1,19.12,134167
11/01/2016,19.24,19.305,18.935,19.14,317060
11/02/2016,18.96,19.02,18.715,18.94,304857
11/03/2016,18.92,19.03,18.87,19.0034,64302
11/04/2016,18.9,19.08,18.8,18.9,111875
11/07/2016,19.17,19.32,19.158,19.32,168501
11/08/2016,19.25,19.46,19.19,19.33,98705
11/09/2016,19.3,19.83,19.25,19.72,311847
11/10/2016,19.73,19.9322,19.6472,19.78,298439
11/11/2016,19.67,19.67,19.2881,19.46,150073
11/14/2016,19.43,19.56,19.26,19.5499,192586
11/15/2016,19.75,20.11,19.71,20.09,566777
11/16/2016,20.05,20.17,19.9,19.94,182261
11/17/2016,20.14,20.25,19.7998,19.84,271409
11/18/2016,19.94,20.0258,19.822,19.92,182828
11/21/2016,20.24,20.418,20.16,20.4,402358
11/22/2016,20.4,20.5,20.17,20.41,440065
11/23/2016,20.35,20.54,20.12,20.49,186844
11/25/2016,20.49,20.49,20.2839,20.4,92375
11/28/2016,20.45,20.4785,20.07,20.0861,191841
11/29/2016,19.83,19.95,19.6331,19.84,425927
11/30/2016,20.55,21.08,20.53,20.95,406426
12/01/2016,21.35,21.36,20.96,21.0,374577
12/02/2016,21.01,21.12,20.8854,21.02,236783
12/05/2016,21.28,21.354,21.1283,21.2,266565
12/06/2016,21.08,21.2422,20.9501,21.2,239628
12/07/2016,21.22,21.3359,21.1213,21.32,340208
12/08/2016,21.4,21.4699,21.21,21.44,206971
12/09/2016,21.56,21.56,21.4,21.52,208356
12/12/2016,22.12,22.12,21.58,21.645,393406
12/13/2016,21.88,22.0583,21.6061,21.905,467610
12/14/2016,21.81,21.84,21.357,21.41,316599
12/15/2016,21.32,21.549,21.201,21.486,248831
12/16/2016,21.56,21.56,21.4,21.495,234841
12/19/2016,21.53,21.53,21.36,21.41,203064
12/20/2016,21.5,21.55,21.33,21.38,143088
12/21/2016,21.44,21.5,21.35,21.41,203694
12/22/2016,21.42,21.532,21.3832,21.5,122930
12/23/2016,21.51,21.52,21.42,21.465,196606
12/27/2016,21.53,21.5883,21.49,21.52,118012
12/28/2016,21.58,21.58,21.29,21.31,170317
12/29/2016,21.29,21.3217,21.1942,21.24,158311
12/30/2016,21.2,21.359,21.13,21.18,205873
01/03/2017,21.48,21.6299,21.22,21.46,784832
01/04/2017,21.5,21.5,21.3499,21.45,239965
01/05/2017,21.45,21.54,21.2719,21.37,235308
01/06/2017,21.47,21.47,21.24,21.39,149142
01/09/2017,21.34,21.34,21.0261,21.04,303435
01/10/2017,21.07,21.0752,20.85,20.85,451093
01/11/2017,20.92,21.1138,20.85,21.09,113454
01/12/2017,21.19,21.1999,20.92,20.995,116365
01/13/2017,20.96,21.01,20.9,20.93,118923
01/17/2017,21.0,21.115,20.9884,21.05,140571
01/18/2017,21.0,21.06,20.92,21.0,118029
01/19/2017,20.99,20.99,20.81,20.84,201759
01/20/2017,21.02,21.07,20.885,20.97,181652
01/23/2017,20.89,20.89,20.63,20.71,258683
01/24/2017,20.82,21.035,20.765,20.95,328606
01/25/2017,21.0,21.15,20.9685,21.09,351058
01/26/2017,21.17,21.1899,21.05,21.08,204909
01/27/2017,21.0,21.0,20.804,20.87,216557
01/30/2017,20.8,20.8,20.335,20.48,366272
01/31/2017,20.49,20.49,20.28,20.48,180547
02/01/2017,20.6,20.6094,20.19,20.33,410126
02/02/2017,20.37,20.48,20.2,20.44,364113
02/03/2017,20.47,20.72,20.4288,20.635,223922
02/06/2017,20.69,20.7,20.385,20.45,224087
02/07/2017,20.4,20.4312,20.041,20.135,328320
02/08/2017,20.06,20.21,19.82,20.1661,337846
02/09/2017,20.26,20.4039,20.26,20.35,188886
02/10/2017,20.52,20.631,20.47,20.54,277615
02/13/2017,20.53,20.56,20.44,20.55,269753
02/14/2017,20.59,20.64,20.3899,20.64,171024
02/15/2017,20.53,20.66,20.48,20.53,288462
02/16/2017,20.55,20.59,20.24,20.25,283337
02/17/2017,20.13,20.205,20.08,20.13,279070
02/21/2017,20.29,20.3799,20.25,20.27,397278
02/22/2017,20.21,20.2303,19.95,19.96,220771
02/23/2017,20.17,20.21,19.92,20.02,204226
02/24/2017,19.91,19.96,19.75,19.8354,236903
02/27/2017,19.89,20.085,19.8292,20.03,219733
02/28/2017,19.97,20.04,19.89,19.94,454780
03/01/2017,20.1,20.43,20.1,20.37,228236
03/02/2017,20.28,20.3799,20.1546,20.16,183685
03/03/2017,20.2,20.258,20.0554,20.09,115270
03/06/2017,20.05,20.16,19.9999,20.15,175697
03/07/2017,20.21,20.21,19.95,19.98,163955
03/08/2017,19.87,19.97,19.41,19.41,289688
03/09/2017,19.31,19.54,19.21,19.51,328178
03/10/2017,19.64,19.6554,19.3934,19.505,258727
03/13/2017,19.51,19.62,19.45,19.53,220107
03/14/2017,19.38,19.38,19.11,19.3,358899
03/15/2017,19.43,19.76,19.38,19.71,173942
03/16/2017,19.76,19.7626,19.5474,19.61,644010
03/17/2017,19.52,19.6,19.453,19.46,219420
03/20/2017,19.4,19.4601,19.27,19.4377,374045
03/21/2017,19.48,19.5083,19.22,19.2704,221938
03/22/2017,19.18,19.31,19.12,19.23,237928
03/23/2017,19.2,19.32,19.1301,19.18,166805
03/24/2017,19.23,19.25,19.07,19.12,188306
03/27/2017,18.92,19.0751,18.9,19.03,187133
03/28/2017,19.05,19.345,19.01,19.29,913833
03/29/2017,19.29,19.5953,19.29,19.59,180932
03/30/2017,19.7,19.7648,19.5538,19.63,350734
03/31/2017,19.62,19.69,19.5,19.63,160661
04/03/2017,19.65,19.6589,19.3634,19.58,186507
04/04/2017,19.56,19.71,19.42,19.7,155026
04/05/2017,19.92,20.05,19.59,19.62,273099
04/06/2017,19.68,19.8156,19.68,19.76,132003
04/07/2017,19.82,19.83,19.67,19.71,122209
04/10/2017,19.78,19.95,19.78,19.86,122755
04/11/2017,19.9,19.9,19.66,19.85,131492
04/12/2017,19.85,20.0,19.6951,19.75,143654
04/13/2017,19.72,19.72,19.33,19.38,172437
04/17/2017,19.38,19.4252,19.31,19.39,110308
04/18/2017,19.32,19.45,19.18,19.24,116255
04/19/2017,19.31,19.31,18.87,18.91,245687
04/20/2017,18.99,19.13,18.9608,19.0,169031
04/21/2017,18.92,19.0,18.8105,18.91,156918
04/24/2017,19.07,19.1,18.9634,19.03,238673
04/25/2017,19.05,19.25,19.03,19.21,585685
04/26/2017,19.1,19.42,19.07,19.17,213750
04/27/2017,19.04,19.04,18.72,18.93,286418
04/28/2017,19.07,19.1,18.9105,18.93,185546
05/01/2017,18.93,18.96,18.83,18.89,144967
05/02/2017,18.93,18.98,18.68,18.76,271976
05/03/2017,18.72,18.9,18.68,18.83,129633
05/04/2017,18.72,18.72,18.315,18.44,384717
05/05/2017,18.44,18.79,18.4,18.76,453831
05/08/2017,18.79,18.935,18.74,18.92,119501
05/09/2017,18.94,18.96,18.6854,18.75,170322
05/10/2017,18.86,19.08,18.852,19.0,141812
05/11/2017,19.07,19.1,18.9265,18.97,120963
05/12/2017,18.98,19.0,18.845,18.89,99108
05/15/2017,19.17,19.2124,19.0,19.05,130649
05/16/2017,19.1,19.12,18.9,18.96,143427
05/17/2017,18.88,18.97,18.76,18.77,131663
05/18/2017,18.65,18.84,18.58,18.73,121213
05/19/2017,18.84,19.05,18.83,19.02,164423
05/22/2017,19.1,19.1,18.9,18.98,183337
05/23/2017,18.99,19.02,18.9,18.98,89772
05/24/2017,18.98,19.03,18.81,18.9,77983
05/25/2017,18.84,19.04,18.46,18.51,250556
05/26/2017,18.51,18.555,18.43,18.53,169206
05/30/2017,18.42,18.45,18.26,18.26,611944
05/31/2017,18.18,18.22,18.0753,18.2,222500
06/01/2017,18.23,18.3843,18.14,18.3,121169
06/02/2017,18.23,18.23,18.01,18.08,282486
06/05/2017,18.01,18.17,18.01,18.1,150293
06/06/2017,18.08,18.37,18.05,18.35,114337
06/07/2017,18.28,18.34,17.92,18.02,271043
06/08/2017,17.94,18.0999,17.93,17.96,186704
06/09/2017,18.0,18.47,18.0,18.4,214262
06/12/2017,18.56,18.74,18.5,18.55,142630
06/13/2017,18.55,18.73,18.5378,18.7,283472
06/14/2017,18.66,18.66,18.2,18.31,182942
06/15/2017,18.21,18.312,18.06,18.1,250625
06/16/2017,18.1,18.29,17.9913,18.29,126844
06/19/2017,18.27,18.2874,18.15,18.17,133805
06/20/2017,17.98,18.0,17.74,17.96,240579
06/21/2017,17.92,18.0,17.54,17.63,563185
06/22/2017,17.67,17.78,17.58,17.61,134608
06/23/2017,17.64,17.8,17.615,17.8,202231
06/26/2017,17.85,17.8855,17.681,17.76,135615
06/27/2017,17.81,17.92,17.7399,17.74,76667
06/28/2017,17.76,17.97,17.7599,17.85,94019
06/29/2017,17.9,18.0933,17.86,17.88,181679
06/30/2017,18.0,18.0684,17.8553,17.98,135874
07/03/2017,18.01,18.41,18.01,18.31,144610
07/05/2017,18.27,18.28,17.875,17.95,178712
07/06/2017,18.0,18.01,17.68,17.71,230644
07/07/2017,17.67,17.6986,17.478,17.68,170840
07/10/2017,17.65,17.805,17.6132,17.755,140117
07/11/2017,17.78,17.93,17.68,17.88,115480
07/12/2017,18.03,18.1078,17.85,17.9,228698
07/13/2017,17.91,18.02,17.8386,18.0046,71913
07/14/2017,18.03,18.15,17.99,18.1,106816
07/17/2017,18.09,18.2261,18.08,18.1,139771
07/18/2017,18.19,18.19,17.92,18.02,104409
07/19/2017,18.01,18.3,18.0,18.29,225887
07/20/2017,18.4,18.45,18.19,18.21,103060
07/21/2017,18.16,18.16,17.99,18.02,75608
07/24/2017,18.07,18.07,17.94,17.96,160809
07/25/2017,18.13,18.35,18.13,18.23,149816
07/26/2017,18.31,18.4543,18.1701,18.25,147523
07/27/2017,18.27,18.42,18.16,18.42,102816
07/28/2017,18.34,18.56,18.3128,18.38,139101
07/31/2017,18.4,18.5,18.3001,18.41,135781
08/01/2017,18.41,18.49,18.31,18.39,111372
08/02/2017,18.29,18.37,18.12,18.3,171918
08/03/2017,18.27,18.27,17.98,18.02,193507
08/04/2017,18.05,18.17,18.02,18.145,109967
08/07/2017,18.08,18.08,17.92,17.97,164320
08/08/2017,17.91,18.075,17.87,17.89,206599
08/09/2017,17.95,18.0281,17.85,17.91,153301
08/10/2017,17.94,17.98,17.7,17.73,134727
08/11/2017,17.67,17.74,17.55,17.63,148323
08/14/2017,17.65,17.72,17.53,17.53,332512
08/15/2017,17.52,17.5476,17.38,17.48,179993
08/16/2017,17.48,17.51,17.27,17.29,237849
08/17/2017,17.25,17.31,17.05,17.05,203556
08/18/2017,17.03,17.27,17.01,17.17,410077
08/21/2017,17.14,17.14,17.01,17.05,117124
08/22/2017,17.09,17.2101,17.09,17.19,154698
08/23/2017,17.16,17.3448,17.131,17.28,127851
08/24/2017,17.24,17.3111,17.2,17.28,163752
08/25/2017,17.3,17.41,17.3,17.37,86732
08/28/2017,17.36,17.41,17.1843,17.26,90787
08/29/2017,17.2,17.29,17.12,17.25,121525
08/30/2017,17.21,17.31,17.15,17.27,203591
08/31/2017,17.35,17.41,17.29,17.39,94379
09/01/2017,17.41,17.59,17.36,17.555,120260
09/05/2017,17.63,17.7266,17.53,17.65,154238
09/06/2017,17.73,17.9755,17.7224,17.92,118440
09/07/2017,17.95,17.988,17.83,17.95,129099
09/08/2017,17.9,17.9,17.65,17.74,166258
09/11/2017,17.81,17.93,17.76,17.9,120084
09/12/2017,17.95,18.09,17.9138,18.02,146028
09/13/2017,18.06,18.3,18.06,18.29,186541
09/14/2017,18.34,18.51,18.3239,18.37,212167
09/15/2017,18.19,18.19,18.07,18.19,108201
09/18/2017,18.17,18.29,18.16,18.27,102659
09/19/2017,18.31,18.38,18.28,18.36,186439
09/20/2017,18.42,18.55,18.41,18.51,184070
09/21/2017,18.5,18.529,18.41,18.48,102658
09/22/2017,18.44,18.62,18.44,18.56,470041
09/25/2017,18.63,18.9,18.63,18.865,371308
09/26/2017,18.83,18.8812,18.77,18.86,140704
09/27/2017,18.86,18.93,18.75,18.92,150033
09/28/2017,18.95,19.08,18.89,18.96,206667
09/29/2017,18.91,18.95,18.83,18.95,163738
10/02/2017,18.84,18.96,18.69,18.96,351122
10/03/2017,18.92,18.98,18.881,18.94,140398
10/04/2017,18.94,18.9855,18.85,18.9,184567
10/05/2017,18.91,19.02,18.91,18.99,141550
10/06/2017,18.82,18.9,18.75,18.8,141499
10/09/2017,18.83,18.9,18.83,18.85,81944
10/10/2017,18.98,19.05,18.85,18.87,210733
10/11/2017,18.86,18.93,18.78,18.92,115881
10/12/2017,18.82,18.8734,18.75,18.85,79583
10/13/2017,18.94,19.01,18.82,18.82,65358
10/16/2017,18.94,18.99,18.84,18.86,163110
10/17/2017,18.86,18.92,18.78,18.87,74189
10/18/2017,18.85,18.9368,18.72,18.74,213393
10/19/2017,18.64,18.75,18.53,18.66,100128
10/20/2017,18.68,18.7005,18.59,18.69,100194
10/23/2017,18.71,18.7575,18.55,18.55,139250
10/24/2017,18.62,18.6833,18.55,18.58,99306
10/25/2017,18.55,18.6,18.4,18.45,181263
10/26/2017,18.48,18.5253,18.3734,18.5,97582
10/27/2017,18.37,18.65,18.271,18.57,118092
10/30/2017,18.59,18.75,18.59,18.66,103591
10/31/2017,18.68,18.84,18.62,18.77,1650353
11/01/2017,18.89,19.0946,18.88,19.01,211899
11/02/2017,19.0,19.06,18.8363,18.95,106064
11/03/2017,18.96,19.09,18.939,19.03,184210
11/06/2017,19.08,19.49,19.08,19.48,322812
11/07/2017,19.5,19.51,19.36,19.44,169040
11/08/2017,19.4,19.45,19.237,19.34,212149
11/09/2017,19.28,19.45,19.14,19.42,229493
11/10/2017,19.41,19.41,19.1972,19.33,127000
11/13/2017,19.24,19.34,19.18,19.2,271094
11/14/2017,19.12,19.12,18.84,18.85,160165
11/15/2017,18.7,18.72,18.561,18.64,142378
11/16/2017,18.64,18.65,18.52,18.57,140273
11/17/2017,18.61,18.7253,18.59,18.67,105063
11/20/2017,18.65,18.68,18.54,18.65,114115
11/21/2017,18.72,18.8,18.6501,18.68,106855
11/22/2017,18.81,18.85,18.76,18.8,135087
11/24/2017,18.88,18.9,18.84,18.84,33016
11/27/2017,18.8,18.8,18.605,18.63,189282
11/28/2017,18.67,18.79,18.64,18.76,86611
11/29/2017,18.77,18.89,18.7146,18.86,160729
11/30/2017,18.93,19.2,18.93,19.17,167172
12/01/2017,19.28,19.488,19.15,19.37,311731
12/04/2017,19.36,19.63,19.31,19.31,292551
12/05/2017,19.31,19.37,19.2047,19.23,146699
12/06/2017,19.16,19.17,18.9041,18.94,224271
12/07/2017,18.95,19.0351,18.92,19.03,196231
12/08/2017,19.1,19.2,19.0263,19.17,139744
12/11/2017,19.24,19.43,19.23,19.35,142610
12/12/2017,19.4,19.42,19.25,19.28,190143
12/13/2017,19.3,19.3105,19.18,19.26,327178
12/14/2017,19.2,19.3253,19.16,19.16,166330
12/15/2017,19.12,19.15,18.995,19.0,148511
12/18/2017,19.13,19.2703,19.0802,19.19,614529
12/19/2017,19.25,19.319,19.17,19.19,168115
12/20/2017,19.28,19.5,19.2,19.48,245681
12/21/2017,19.49,19.96,19.48,19.91,393565
12/22/2017,19.89,20.037,19.84,19.96,241326
12/26/2017,20.01,20.19,19.98,20.17,453020
12/27/2017,20.17,20.17,20.05,20.09,263823
12/28/2017,20.1,20.13,20.05,20.11,468861
12/29/2017,20.16,20.16,20.025,20.05,280798
01/02/2018,20.14,20.42,20.1,20.39,457527
01/03/2018,20.47,20.75,20.425,20.69,956623
01/04/2018,20.71,20.83,20.601,20.82,355085
01/05/2018,20.79,20.81,20.63,20.79,497116
01/08/2018,20.79,20.93,20.7301,20.92,311017
01/09/2018,20.95,20.96,20.83,20.86,243011
01/10/2018,20.89,20.935,20.83,20.84,215472
01/11/2018,20.94,21.35,20.86,21.27,513029
01/12/2018,21.29,21.47,21.285,21.45,384233
01/16/2018,21.49,21.49,21.14,21.19,642132
01/17/2018,21.22,21.447,21.1066,21.36,254464
01/18/2018,21.3,21.3053,21.14,21.18,247359
01/19/2018,21.15,21.15,20.99,21.15,337879
01/22/2018,21.16,21.58,21.16,21.58,279424
01/23/2018,21.62,21.67,21.45,21.59,282223
01/24/2018,21.61,21.69,21.42,21.53,264363
01/25/2018,21.61,21.61,21.29,21.33,225873
01/26/2018,21.37,21.48,21.32,21.44,218808
01/29/2018,21.35,21.4134,21.08,21.13,1106497
01/30/2018,20.94,20.98,20.6342,20.66,525052
01/31/2018,20.7,20.75,20.53,20.66,260117
02/01/2018,20.7,20.9,20.6,20.9,220367
02/02/2018,20.57,20.57,19.905,20.01,552934
02/05/2018,19.71,20.0,18.91,19.15,729932
02/06/2018,18.81,19.47,18.75,19.33,970154
02/07/2018,19.4,19.64,19.01,19.01,277381
02/08/2018,19.03,19.075,18.37,18.37,471156
02/09/2018,18.59,18.62,17.775,18.37,2085316
02/12/2018,18.6,18.89,18.55,18.7,409460
02/13/2018,18.6,18.69,18.52,18.61,255514
02/14/2018,18.41,18.97,18.29,18.93,244473
02/15/2018,18.99,18.99,18.5699,18.88,216364
02/16/2018,18.81,19.025,18.745,18.85,448812
02/20/2018,18.87,19.01,18.65,18.73,941124
02/21/2018,18.7,18.85,18.41,18.41,256429
02/22/2018,18.56,18.9,18.53,18.64,210405
02/23/2018,18.74,19.06,18.74,19.05,128801
02/26/2018,19.11,19.205,19.04,19.17,132829
02/27/2018,19.2,19.33,18.9,18.9,126168
02/28/2018,18.98,19.0,18.43,18.43,104537
03/01/2018,18.41,18.69,18.291,18.41,406632
03/02/2018,18.3,18.61,18.151,18.55,233529
03/05/2018,18.44,18.83,18.44,18.77,948708
03/06/2018,18.85,18.939,18.69,18.77,216817
03/07/2018,18.59,18.7501,18.44,18.62,211466
03/08/2018,18.65,18.69,18.465,18.59,107078
03/09/2018,18.71,18.966,18.69,18.94,127869
03/12/2018,18.94,19.08,18.85,18.95,150826
03/13/2018,19.02,19.1,18.76,18.82,83605
03/14/2018,18.89,18.92,18.6749,18.7,96958
03/15/2018,18.79,18.86,18.48,18.61,127398
03/16/2018,18.49,18.7338,18.46,18.66,96610
03/19/2018,18.6,18.62,18.24,18.36,133440
03/20/2018,18.48,18.639,18.48,18.51,150659
03/21/2018,18.62,19.14,18.6,19.03,219597
03/22/2018,18.85,18.92,18.6048,18.64,182439
03/23/2018,18.74,18.95,18.485,18.53,156616
03/26/2018,18.7,18.87,18.54,18.84,158645
03/27/2018,18.91,18.981,18.52,18.64,256729
03/28/2018,18.61,18.72,18.26,18.31,314229
03/29/2018,18.37,18.77,18.37,18.7,160090
04/02/2018,18.61,18.7,17.99,18.29,407380
04/03/2018,18.37,18.69,18.181,18.68,131979
04/04/2018,18.38,18.695,18.27,18.65,164686
04/05/2018,18.72,19.1334,18.71,19.02,125011
04/06/2018,18.89,18.9711,18.42,18.65,120154
04/09/2018,18.77,18.97,18.7,18.72,125810
04/10/2018,19.0,19.5151,19.0,19.36,330598
04/11/2018,19.35,19.64,19.33,19.6,224147
04/12/2018,19.7,19.72,19.5356,19.61,196814
04/13/2018,19.71,19.899,19.7,19.82,279803
04/16/2018,19.87,20.1,19.7693,20.01,271685
04/17/2018,20.08,20.21,19.97,20.12,1837306
04/18/2018,20.3,20.6372,20.3,20.45,395701
04/19/2018,20.51,20.64,20.359,20.49,232833
04/20/2018,20.44,20.45,20.25,20.385,192540
04/23/2018,20.34,20.51,20.21,20.51,254051
04/24/2018,20.57,20.7099,20.19,20.29,335385
04/25/2018,20.25,20.475,20.1,20.46,170275
04/26/2018,20.54,20.75,20.47,20.75,157228
04/27/2018,20.55,20.605,20.45,20.51,210642
04/30/2018,20.47,20.7299,20.47,20.51,611608
05/01/2018,20.41,20.41,20.14,20.4,890153
05/02/2018,20.3,20.65,20.3,20.49,183737
05/03/2018,20.4,20.45,20.16,20.41,128001
05/04/2018,20.36,20.6199,20.29,20.54,199378
05/07/2018,20.72,21.0499,20.57,20.61,338170
05/08/2018,20.63,20.8,20.25,20.8,509048
05/09/2018,21.05,21.43,21.05,21.2,498453
05/10/2018,21.33,21.399,21.2,21.37,478442
05/11/2018,21.41,21.499,21.31,21.34,556223
05/14/2018,21.41,21.585,21.41,21.51,594404
05/15/2018,21.49,21.56,21.35,21.52,621098
05/16/2018,21.51,21.63,21.405,21.62,194802
05/17/2018,21.69,22.01,21.69,21.98,355357
05/18/2018,21.98,21.98,21.794,21.83,454873
05/21/2018,21.96,22.05,21.8445,22.04,315462
05/22/2018,22.07,22.21,21.67,21.73,378743
05/23/2018,21.58,21.7251,21.42,21.72,262823
05/24/2018,21.5,21.54,21.28,21.37,296013
05/25/2018,20.96,21.0,20.57,20.79,380692
05/29/2018,20.6,20.8652,20.56,20.75,325087
05/30/2018,20.94,21.49,20.94,21.41,225312
05/31/2018,21.26,21.51,21.209,21.25,301864
06/01/2018,21.33,21.47,21.19,21.31,287755
06/04/2018,21.39,21.51,21.02,21.12,537317
06/05/2018,21.02,21.2,20.96,21.04,196763
06/06/2018,21.11,21.2,20.95,21.13,339775
06/07/2018,21.25,21.5866,21.25,21.5,190557
06/08/2018,21.51,21.51,21.29,21.43,191039
06/11/2018,21.43,21.61,21.35,21.5,161569
06/12/2018,21.52,21.59,21.305,21.36,106091
06/13/2018,21.32,21.3999,21.18,21.26,186917
06/14/2018,21.36,21.39,21.18,21.21,296249
06/15/2018,21.0,21.0055,20.61,20.62,240584
06/18/2018,20.58,21.0149,20.58,20.88,129587
06/19/2018,20.61,20.915,20.565,20.86,234932
06/20/2018,20.96,21.0284,20.8,20.97,185870
06/21/2018,20.87,20.92,20.4848,20.56,125165
06/22/2018,21.01,21.23,21.01,21.03,165528
06/25/2018,20.99,21.0,20.47,20.57,267799
06/26/2018,20.63,20.95,20.57,20.88,204461
06/27/2018,21.1,21.4352,21.05,21.16,300695
06/28/2018,21.2,21.24,20.9596,21.13,176786
06/29/2018,21.18,21.4703,21.18,21.25,154440
07/02/2018,21.09,21.15,20.79,20.8999,479517
07/03/2018,21.12,21.3767,21.0,21.06,176290
07/05/2018,21.17,21.2499,20.98,21.04,645449
07/06/2018,20.96,21.26,20.88,21.215,263393
07/09/2018,21.34,21.559,21.32,21.53,320084
07/10/2018,21.68,21.879,21.62,21.68,312455
07/11/2018,21.51,21.62,21.06,21.19,336629
07/12/2018,21.3,21.3457,21.07,21.23,196274
07/13/2018,21.24,21.469,21.2311,21.33,135416
07/16/2018,21.12,21.21,20.87,21.05,325986
07/17/2018,20.98,21.108,20.87,20.985,351463
07/18/2018,20.94,21.04,20.6801,21.01,306614
07/19/2018,20.93,21.11,20.93,21.01,215782
07/20/2018,21.0,21.0533,20.8847,20.93,186019
07/23/2018,20.97,21.0,20.81,20.84,145912
07/24/2018,20.92,21.2232,20.92,21.09,146375
07/25/2018,21.09,21.2973,21.021,21.27,123964
07/26/2018,21.3,21.51,21.27,21.49,159166
07/27/2018,21.27,21.4704,21.2593,21.35,105767
07/30/2018,21.5,21.61,21.4833,21.5567,344581
07/31/2018,21.57,21.6369,21.4347,21.5,1025048
08/01/2018,21.33,21.33,21.1027,21.23,191512
08/02/2018,21.07,21.19,20.97,21.14,394479
08/03/2018,21.11,21.1499,20.94,21.03,146285
08/06/2018,21.08,21.23,21.0,21.135,175445
08/07/2018,21.33,21.39,21.21,21.27,191214
08/08/2018,21.14,21.175,20.9726,21.11,179154
08/09/2018,21.15,21.15,20.89,20.93,152529
08/10/2018,20.88,21.0501,20.85,21.05,113765
08/13/2018,21.03,21.07,20.74,20.75,497958
08/14/2018,20.88,20.9549,20.73,20.82,115080
08/15/2018,20.66,20.7,20.01,20.06,561243
08/16/2018,20.15,20.3167,20.15,20.2,491711
08/17/2018,20.24,20.33,20.2,20.27,169347
08/20/2018,20.29,20.5,20.29,20.44,103533
08/21/2018,20.55,20.72,20.55,20.57,148504
08/22/2018,20.67,20.9,20.67,20.84,137485
08/23/2018,20.77,20.78,20.64,20.74,98968
08/24/2018,20.86,21.01,20.79,20.895,139148
08/27/2018,20.97,21.0799,20.97,21.03,101962
08/28/2018,21.06,21.1602,20.9,20.9249,130234
08/29/2018,20.97,21.155,20.9298,21.06,222991
08/30/2018,21.05,21.1063,20.91,21.005,156530
08/31/2018,20.94,20.99,20.77,20.87,181542
09/04/2018,20.91,20.96,20.72,20.78,388097
09/05/2018,20.67,20.74,20.46,20.73,103916
09/06/2018,20.69,20.69,20.26,20.32,127286
09/07/2018,20.2,20.34,20.014,20.305,127640
09/10/2018,20.4,20.48,20.3,20.3,111494
09/11/2018,20.27,20.64,20.26,20.54,133437
09/12/2018,20.67,20.85,20.66,20.67,203695
09/13/2018,20.64,20.7053,20.49,20.64,198868
09/14/2018,20.67,20.84,20.64,20.77,114380
09/17/2018,20.8,20.9301,20.73,20.77,146919
09/18/2018,20.89,21.0704,20.89,20.96,187592
09/19/2018,20.94,21.1266,20.86,21.0549,147039
09/20/2018,21.13,21.2146,21.0265,21.04,118812
09/21/2018,21.0,21.12,20.9554,21.06,145838
09/24/2018,21.18,21.45,21.16,21.36,207270
09/25/2018,21.5,21.6,21.47,21.51,221304
09/26/2018,21.39,21.4631,21.25,21.26,127562
09/27/2018,21.34,21.3831,21.2222,21.29,90913
09/28/2018,21.2,21.4766,21.2,21.27,121816
10/01/2018,21.35,21.6297,21.35,21.56,464071
10/02/2018,21.56,21.63,21.4048,21.57,222755
10/03/2018,21.64,21.82,21.584,21.77,227738
10/04/2018,21.7,21.81,21.5134,21.64,171150
10/05/2018,21.64,21.7,21.4849,21.63,229097
10/08/2018,21.49,21.6348,21.35,21.62,143526
10/09/2018,21.64,21.95,21.6046,21.82,467277
10/10/2018,21.83,21.8432,21.0,21.01,297622
10/11/2018,20.86,20.9,20.26,20.37,343374
10/12/2018,20.64,20.654,20.14,20.47,208165
10/15/2018,20.48,20.56,20.33,20.34,174251
10/16/2018,20.42,20.56,20.34,20.54,875889
10/17/2018,20.51,20.51,20.21,20.37,154134
10/18/2018,20.21,20.42,20.1275,20.23,162971
10/19/2018,20.12,20.35,20.03,20.06,100583
10/22/2018,20.05,20.0762,19.7002,19.83,890850
10/23/2018,19.46,19.46,19.01,19.25,2436517
10/24/2018,19.34,19.3438,18.47,18.4868,517077
10/25/2018,18.72,18.8851,18.59,18.7,596087
10/26/2018,18.5,18.797,18.25,18.55,418372
10/29/2018,18.62,18.7,17.93,18.17,482541
10/30/2018,18.12,18.61,18.07,18.57,317474
10/31/2018,18.7,19.02,18.685,18.69,262825
11/01/2018,18.76,18.95,18.5551,18.88,710323
11/02/2018,19.04,19.19,18.63,18.83,272671
11/05/2018,19.01,19.19,18.9934,19.15,238222
11/06/2018,19.18,19.23,18.97,19.19,167739
11/07/2018,19.43,19.58,19.22,19.51,185021
11/08/2018,19.43,19.552,19.0034,19.06,176605
11/09/2018,18.8,19.1286,18.6797,19.0,232143
11/12/2018,19.16,19.2106,18.555,18.58,360273
11/13/2018,18.52,18.62,18.0601,18.12,700575
11/14/2018,18.4,18.5,17.94,18.09,202507
11/15/2018,18.0,18.4,17.88,18.4,342095
11/16/2018,18.46,18.63,18.37,18.58,152523
11/19/2018,18.43,18.63,18.36,18.56,136794
11/20/2018,18.31,18.31,17.7823,17.91,512954
11/21/2018,18.05,18.4,18.05,18.23,305154
11/23/2018,17.75,17.782,17.52,17.61,190125
11/26/2018,17.77,18.02,17.77,17.91,347538
11/27/2018,17.85,17.97,17.74,17.84,157209
11/28/2018,17.84,18.15,17.69,18.15,167967
11/29/2018,18.15,18.3967,18.1,18.26,126126
11/30/2018,18.15,18.24,17.99,18.18,156377
12/03/2018,18.59,18.695,18.39,18.6,278073
12/04/2018,18.63,18.6703,18.03,18.06,218236
12/06/2018,17.68,17.69,17.3159,17.69,1529687
12/07/2018,18.0,18.29,17.56,17.6,209215
12/10/2018,17.44,17.59,16.9,17.27,812261
12/11/2018,17.56,17.5871,17.1,17.28,1775948
12/12/2018,17.53,17.69,17.35,17.36,176330
12/13/2018,17.33,17.49,17.236,17.41,207351
12/14/2018,17.26,17.3346,16.8818,16.95,217836
12/17/2018,16.89,17.0546,16.51,16.63,1146398
12/18/2018,16.62,16.6402,16.14,16.23,1516665
12/19/2018,16.3,16.56,15.9002,16.03,704215
12/20/2018,15.83,16.07,15.47,15.57,621489
12/21/2018,15.48,15.6644,15.14,15.25,695809
12/24/2018,15.06,15.1087,14.63,14.63,1082886
12/26/2018,14.78,15.58,14.5101,15.57,952328
12/27/2018,15.32,15.68,15.05,15.68,918808
12/28/2018,15.73,15.7854,15.4348,15.54,798769
12/31/2018,15.63,15.73,15.4147,15.62,1144838
01/02/2019,15.42,16.04,15.3086,15.96,360751
01/03/2019,16.02,16.0248,15.62,15.81,165917
01/04/2019,16.09,16.4,16.06,16.37,241053
01/07/2019,16.49,16.77,16.3,16.66,238917
01/08/2019,16.91,16.92,16.69,16.8,250295
01/09/2019,17.01,17.11,16.84,17.06,288798
01/10/2019,16.95,17.1106,16.8276,17.11,182496
01/11/2019,17.02,17.05,16.85,16.99,134747
01/14/2019,16.8,17.02,16.79,16.94,131316
01/15/2019,17.03,17.16,16.94,17.03,105909
01/16/2019,17.01,17.15,16.96,17.02,220302
01/17/2019,16.91,17.2252,16.86,17.17,345962
01/18/2019,17.39,17.5,17.2803,17.5,202117
01/22/2019,17.33,17.33,17.05,17.09,285107
01/23/2019,17.15,17.17,16.7731,16.9,159394
01/24/2019,16.85,17.11,16.81,17.01,97422
01/25/2019,17.14,17.33,17.14,17.24,94543
01/28/2019,17.0,17.05,16.86,17.05,212790
01/29/2019,17.13,17.2101,17.09,17.1,106045
01/30/2019,17.22,17.41,17.1101,17.35,166396
01/31/2019,17.42,17.52,17.32,17.44,118272
02/01/2019,17.64,17.82,17.55,17.74,417757
02/04/2019,17.65,17.78,17.5,17.78,209584
02/05/2019,17.8,17.8401,17.71,17.78,215098
02/06/2019,17.71,17.75,17.645,17.66,149388
02/07/2019,17.56,17.5934,17.09,17.25,275300
02/08/2019,17.18,17.2257,16.88,17.17,167729
02/11/2019,17.04,17.2652,17.0,17.24,113513
02/12/2019,17.5,17.5682,17.4,17.46,175995
02/13/2019,17.54,17.82,17.54,17.71,340298
02/14/2019,17.65,17.89,17.61,17.76,167406
02/15/2019,17.94,18.077,17.94,18.07,156368
02/19/2019,17.99,18.21,17.95,18.15,203909
02/20/2019,18.12,18.3,18.12,18.22,145324
02/21/2019,18.19,18.19,17.851,17.92,188288
02/22/2019,18.08,18.13,17.9,17.98,114089
02/25/2019,17.93,18.06,17.93,18.0,109745
02/26/2019,17.97,18.0649,17.9,17.9,94452
02/27/2019,18.02,18.17,17.9,17.99,133514
02/28/2019,18.02,18.02,17.7033,17.81,163948
03/01/2019,17.9,18.128,17.9,18.1269,180663
03/04/2019,18.18,18.2535,17.91,18.17,345418
03/05/2019,18.19,18.19,17.99,18.11,294153
03/06/2019,18.01,18.02,17.7649,17.86,169354
03/07/2019,17.87,17.87,17.68,17.76,161464
03/08/2019,17.46,17.5,17.24,17.4,335591
03/11/2019,17.52,17.73,17.51,17.68,226677
03/12/2019,17.75,17.9132,17.75,17.82,135432
03/13/2019,17.95,18.04,17.897,18.04,113499
03/14/2019,18.05,18.14,18.04,18.04,146469
03/15/2019,17.88,17.9399,17.86,17.89,346059

The data and information in this spreadsheet is provided to you solely for,,,,,
your use and is not for distribution. The spreadsheet is provided for,,,,,
"informational purposes only, and is not intended to provide advice, nor",,,,,
"should it be construed as an offer to sell, a solicitation of an offer to buy",,,,,
or a recommendation for any security by Fidelity or any third party. Data,,,,,
and information shown is based on information known to Fidelity as of,,,,,
the date it was exported and is subject to change. It should not be used in,,,,,
place of your account statements or trade confirmations and is not,,,,,
intended for tax reporting purposes. For more information on the data,,,,,
"included in this spreadsheet, including any limitations thereof, go to",,,,,
Fidelity.com.,,,,,
,,,,,
"Brokerage services are provided by Fidelity Brokerage Services LLC, 900",,,,,
"Salem Street, Smithfield, RI 02917. Custody and other services provided",,,,,
by National Financial Services LLC. Both are Fidelity Investment,,,,,
"companies and members SIPC, NYSE.",,,,,
,,,,,
Date downloaded 03/15/2019 04:00 PM,,,,,